employee_id,department,date,login_hour,logout_hour,session_length_hrs,files_accessed,usb_events,upload_mb,apps_used,after_hours_access,is_weekend,label_is_anomaly
1,Sales,2026-04-29,7.47,19.09,11.62,31,0,10.97,4,0,0,0
1,Sales,2026-04-30,8.37,19.2,10.83,20,2,11.46,4,0,0,0
1,Sales,2026-05-01,8.19,17.22,9.03,27,0,13.13,2,0,0,0
1,Sales,2026-05-02,8.67,17.56,8.89,29,0,11.26,4,0,1,0
1,Sales,2026-05-04,8.11,17.94,9.83,23,0,9.28,3,0,0,0
1,Sales,2026-05-05,7.82,17.89,10.08,21,0,11.11,3,0,0,0
1,Sales,2026-05-06,8.59,18.95,10.36,31,1,9.03,2,0,0,0
1,Sales,2026-05-07,7.72,19.65,11.93,25,0,18.09,3,0,0,0
1,Sales,2026-05-08,8.62,18.41,9.79,42,0,15.99,4,0,0,0
1,Sales,2026-05-11,7.1,18.11,11.01,26,0,8.93,2,0,0,0
1,Sales,2026-05-12,9.18,18.75,9.58,27,0,17.43,5,0,0,0
1,Sales,2026-05-13,8.84,17.96,9.12,35,0,8.01,1,0,0,0
1,Sales,2026-05-14,8.8,19.37,10.57,20,0,13.77,2,0,0,0
1,Sales,2026-05-15,8.02,17.99,9.97,25,0,11.71,2,0,0,0
1,Sales,2026-05-18,8.21,17.68,9.47,24,0,14.54,3,0,0,0
1,Sales,2026-05-19,8.44,19.45,11.01,35,0,8.86,3,0,0,0
1,Sales,2026-05-20,7.95,17.14,9.19,19,0,11.71,1,0,0,0
1,Sales,2026-05-21,8.73,17.54,8.81,28,0,8.91,3,0,0,0
1,Sales,2026-05-22,7.9,17.99,10.09,32,0,9.21,4,0,0,0
1,Sales,2026-05-25,8.72,17.16,8.44,22,3,12.19,3,0,0,0
1,Sales,2026-05-26,8.58,19.17,10.59,26,1,11.97,3,0,0,0
1,Sales,2026-05-27,8.17,18.55,10.38,32,0,15.0,3,0,0,0
1,Sales,2026-05-28,8.93,17.98,9.04,17,0,7.48,4,0,0,0
1,Sales,2026-05-29,7.91,17.28,9.36,27,1,15.08,3,0,0,0
1,Sales,2026-05-31,8.42,18.56,10.15,22,1,9.91,4,0,1,0
1,Sales,2026-06-01,8.37,17.93,9.56,29,0,14.84,2,0,0,0
1,Sales,2026-06-02,8.37,17.94,9.57,29,0,12.85,4,0,0,0
1,Sales,2026-06-03,8.11,17.97,9.86,24,1,17.06,4,0,0,0
1,Sales,2026-06-04,7.52,18.39,10.88,21,1,9.46,2,0,0,0
1,Sales,2026-06-05,7.17,18.33,11.16,40,1,18.64,3,0,0,0
1,Sales,2026-06-08,8.46,17.54,9.08,20,3,19.06,5,0,0,0
1,Sales,2026-06-09,8.59,17.87,9.28,26,0,7.47,1,0,0,0
1,Sales,2026-06-10,8.74,18.27,9.52,20,1,6.33,3,0,0,0
1,Sales,2026-06-11,7.58,18.08,10.49,25,0,14.73,3,0,0,0
1,Sales,2026-06-12,8.87,17.12,8.24,22,1,13.58,2,0,0,0
1,Sales,2026-06-15,8.25,17.82,9.57,27,1,11.06,3,0,0,0
1,Sales,2026-06-16,9.62,17.56,7.94,34,0,0.88,4,0,0,0
1,Sales,2026-06-17,7.3,18.02,10.72,25,2,14.85,2,0,0,0
1,Sales,2026-06-18,8.15,18.18,10.03,29,1,8.42,2,0,0,0
1,Sales,2026-06-19,7.97,18.28,10.31,26,0,6.63,4,0,0,0
1,Sales,2026-06-20,8.74,17.66,8.92,28,0,12.53,2,0,1,0
1,Sales,2026-06-22,8.64,17.22,8.58,36,2,8.7,1,0,0,0
1,Sales,2026-06-23,7.55,18.59,11.03,20,1,18.53,3,0,0,0
1,Sales,2026-06-24,8.28,17.9,9.61,29,1,11.97,3,0,0,0
1,Sales,2026-06-25,8.15,18.19,10.04,28,1,4.67,3,0,0,0
1,Sales,2026-06-26,8.24,18.23,9.99,28,0,5.0,3,0,0,0
1,Sales,2026-06-29,8.1,18.54,10.44,35,1,17.8,3,0,0,0
1,Sales,2026-06-30,8.74,18.45,9.72,15,0,13.59,2,0,0,0
1,Sales,2026-07-01,8.43,17.77,9.34,24,0,5.89,4,0,0,0
1,Sales,2026-07-02,7.89,18.57,10.68,18,0,13.49,3,0,0,0
1,Sales,2026-07-03,7.9,18.64,10.74,24,0,12.0,1,0,0,0
1,Sales,2026-07-05,8.83,18.33,9.5,25,0,9.01,5,0,1,0
1,Sales,2026-07-06,8.69,17.89,9.2,30,0,15.4,1,0,0,0
1,Sales,2026-07-07,8.9,17.43,8.53,26,0,13.04,3,0,0,0
1,Sales,2026-07-08,8.61,18.87,10.26,31,0,13.35,1,0,0,0
1,Sales,2026-07-09,8.3,18.71,10.41,27,0,7.19,4,0,0,0
1,Sales,2026-07-10,8.31,18.63,10.32,27,0,11.63,1,0,0,0
1,Sales,2026-07-11,8.58,18.36,9.77,24,0,10.47,3,0,1,0
1,Sales,2026-07-13,9.06,18.34,9.28,32,1,5.57,3,0,0,0
1,Sales,2026-07-14,8.87,17.91,9.05,34,0,15.19,3,0,0,0
1,Sales,2026-07-15,7.49,17.17,9.68,22,0,14.69,2,0,0,0
1,Sales,2026-07-16,7.87,17.62,9.75,23,0,3.78,2,0,0,0
1,Sales,2026-07-17,7.8,18.63,10.84,26,2,8.21,2,0,0,0
1,Sales,2026-07-20,8.52,18.32,9.8,29,1,8.96,2,0,0,0
1,Sales,2026-07-21,8.02,17.89,9.87,24,0,16.27,2,0,0,0
1,Sales,2026-07-22,7.75,18.7,10.95,32,0,9.31,4,0,0,0
1,Sales,2026-07-23,8.43,17.31,8.88,34,0,18.7,3,0,0,0
1,Sales,2026-07-24,8.62,18.55,9.92,32,1,4.52,2,0,0,0
1,Sales,2026-07-27,7.91,18.22,10.31,30,0,7.27,3,0,0,0
2,IT,2026-04-29,10.47,20.59,10.12,2,1,16.22,5,0,0,0
2,IT,2026-04-30,10.17,18.86,8.69,8,2,17.93,4,0,0,0
2,IT,2026-05-01,10.31,19.68,9.38,13,1,12.01,2,0,0,0
2,IT,2026-05-04,10.09,19.32,9.23,4,0,13.51,3,0,0,0
2,IT,2026-05-05,9.9,18.26,8.36,9,1,12.26,4,0,0,0
2,IT,2026-05-06,10.0,20.02,10.02,5,1,14.61,3,0,0,0
2,IT,2026-05-07,9.97,19.72,9.75,0,0,6.25,4,0,0,0
2,IT,2026-05-08,9.64,19.15,9.52,7,0,11.39,5,0,0,0
2,IT,2026-05-11,9.84,18.21,8.36,0,0,16.09,4,0,0,0
2,IT,2026-05-12,10.44,19.86,9.43,4,1,8.91,2,0,0,0
2,IT,2026-05-13,10.71,19.62,8.91,4,0,8.49,5,0,0,0
2,IT,2026-05-14,9.84,19.75,9.91,7,2,15.32,2,0,0,0
2,IT,2026-05-15,10.04,19.83,9.79,7,0,10.79,5,0,0,0
2,IT,2026-05-18,9.94,18.67,8.73,9,0,10.88,3,0,0,0
2,IT,2026-05-19,9.86,18.97,9.11,2,0,7.16,4,0,0,0
2,IT,2026-05-20,10.27,19.33,9.06,0,0,13.3,6,0,0,0
2,IT,2026-05-21,9.87,19.39,9.53,14,0,14.33,1,0,0,0
2,IT,2026-05-22,9.75,18.67,8.91,0,0,12.37,4,0,0,0
2,IT,2026-05-25,10.19,19.24,9.05,1,1,20.74,4,0,0,0
2,IT,2026-05-26,10.07,19.49,9.41,2,1,17.85,3,0,0,0
2,IT,2026-05-27,10.35,18.96,8.61,12,1,12.02,4,0,0,0
2,IT,2026-05-28,9.36,18.76,9.4,8,0,18.01,5,0,0,0
2,IT,2026-05-29,10.1,19.1,9.0,6,0,11.48,4,0,0,0
2,IT,2026-05-30,9.75,18.08,8.33,7,1,16.08,2,0,1,0
2,IT,2026-06-01,9.15,18.14,8.99,15,1,6.96,3,0,0,0
2,IT,2026-06-02,10.28,19.18,8.91,8,1,8.48,4,0,0,0
2,IT,2026-06-03,9.53,19.27,9.74,4,0,15.67,3,0,0,0
2,IT,2026-06-04,10.26,17.37,7.1,11,0,6.53,4,0,0,0
2,IT,2026-06-05,9.83,19.56,9.73,0,0,11.62,4,0,0,0
2,IT,2026-06-08,9.92,18.31,8.39,10,0,11.52,4,0,0,0
2,IT,2026-06-09,9.18,18.57,9.39,8,0,12.21,5,0,0,0
2,IT,2026-06-10,10.07,19.34,9.27,10,0,14.45,3,0,0,0
2,IT,2026-06-11,9.6,19.11,9.5,2,1,12.97,2,0,0,0
2,IT,2026-06-12,9.78,19.35,9.56,2,0,13.53,4,0,0,0
2,IT,2026-06-15,10.05,20.33,10.28,4,0,9.74,4,0,0,0
2,IT,2026-06-16,10.02,18.69,8.67,10,0,12.84,4,0,0,0
2,IT,2026-06-17,10.13,19.17,9.04,7,0,17.35,4,0,0,0
2,IT,2026-06-18,9.65,19.12,9.46,6,1,15.29,2,0,0,0
2,IT,2026-06-19,10.69,18.61,7.92,6,2,13.24,4,0,0,0
2,IT,2026-06-22,10.68,19.35,8.66,4,0,17.35,4,0,0,0
2,IT,2026-06-23,10.16,19.51,9.35,8,0,12.89,3,0,0,0
2,IT,2026-06-24,9.79,19.09,9.3,0,0,7.73,2,0,0,0
2,IT,2026-06-25,10.65,18.15,7.49,3,0,20.06,4,0,0,0
2,IT,2026-06-26,9.53,20.43,10.9,10,0,12.19,3,0,0,0
2,IT,2026-06-29,9.87,19.94,10.08,0,0,19.03,4,0,0,0
2,IT,2026-06-30,10.17,19.59,9.41,9,0,14.62,3,0,0,0
2,IT,2026-07-01,10.15,19.06,8.9,0,0,9.54,2,0,0,0
2,IT,2026-07-02,9.97,19.91,9.94,10,1,7.21,2,0,0,0
2,IT,2026-07-03,9.77,19.41,9.64,0,0,20.88,4,0,0,0
2,IT,2026-07-04,9.08,19.34,10.26,5,1,15.7,3,0,1,0
2,IT,2026-07-06,9.66,19.8,10.14,7,1,15.49,2,0,0,0
2,IT,2026-07-07,10.45,18.9,8.44,4,0,16.5,3,0,0,0
2,IT,2026-07-08,10.32,18.9,8.58,11,1,10.15,5,0,0,0
2,IT,2026-07-09,9.28,19.26,9.98,8,0,15.15,5,0,0,0
2,IT,2026-07-10,10.69,18.15,7.47,6,0,13.14,6,0,0,0
2,IT,2026-07-12,9.48,20.06,10.58,13,2,11.28,4,0,1,0
2,IT,2026-07-13,9.61,18.1,8.49,8,0,11.17,2,0,0,0
2,IT,2026-07-14,9.55,18.34,8.79,5,0,10.41,3,0,0,0
2,IT,2026-07-15,10.23,19.7,9.47,6,1,8.8,2,0,0,0
2,IT,2026-07-16,10.22,20.25,10.02,4,0,20.4,4,0,0,0
2,IT,2026-07-17,9.92,19.4,9.48,0,0,9.83,3,0,0,0
2,IT,2026-07-20,10.53,18.35,7.81,2,0,7.87,5,0,0,0
2,IT,2026-07-21,9.95,20.47,10.52,7,0,11.38,4,0,0,0
2,IT,2026-07-22,10.13,19.43,9.3,0,0,9.93,1,0,0,0
2,IT,2026-07-23,10.13,18.42,8.28,0,0,16.84,3,0,0,0
2,IT,2026-07-24,10.0,19.08,9.07,3,1,15.35,3,0,0,0
2,IT,2026-07-27,10.46,19.42,8.96,8,0,12.79,3,0,0,0
3,Legal,2026-04-29,9.31,16.46,7.15,20,0,8.06,4,0,0,0
3,Legal,2026-04-30,9.14,18.48,9.34,19,1,0.0,4,0,0,0
3,Legal,2026-05-01,8.85,16.41,7.55,23,0,8.31,4,0,0,0
3,Legal,2026-05-03,8.05,16.28,8.22,23,0,4.23,4,0,1,0
3,Legal,2026-05-04,8.7,16.97,8.27,17,0,6.45,3,0,0,0
3,Legal,2026-05-05,8.89,16.77,7.88,21,0,1.96,5,0,0,0
3,Legal,2026-05-06,9.29,18.38,9.09,15,1,7.26,3,0,0,0
3,Legal,2026-05-07,8.45,17.73,9.27,19,1,7.97,4,0,0,0
3,Legal,2026-05-08,8.84,16.99,8.15,24,0,4.91,2,0,0,0
3,Legal,2026-05-09,9.13,16.41,7.27,20,0,12.88,4,0,1,0
3,Legal,2026-05-10,8.44,16.98,8.53,26,0,4.64,3,0,1,0
3,Legal,2026-05-11,8.23,17.89,9.65,19,2,12.66,3,0,0,0
3,Legal,2026-05-12,8.24,16.76,8.52,20,0,11.78,5,0,0,0
3,Legal,2026-05-13,9.19,17.78,8.59,28,0,3.33,4,0,0,0
3,Legal,2026-05-14,9.08,18.04,8.95,19,0,8.45,4,0,0,0
3,Legal,2026-05-15,9.13,16.19,7.06,15,0,10.82,5,0,0,0
3,Legal,2026-05-18,9.18,16.58,7.4,16,0,11.61,5,0,0,0
3,Legal,2026-05-19,8.66,16.15,7.49,28,0,9.22,3,0,0,0
3,Legal,2026-05-20,9.36,17.74,8.38,17,2,8.25,4,0,0,0
3,Legal,2026-05-21,9.17,17.92,8.74,23,1,6.63,3,0,0,0
3,Legal,2026-05-22,8.52,15.82,7.3,30,1,3.68,4,0,0,0
3,Legal,2026-05-25,8.9,17.52,8.62,17,2,11.44,3,0,0,0
3,Legal,2026-05-26,9.65,16.92,7.27,25,0,11.03,4,0,0,0
3,Legal,2026-05-27,8.39,17.24,8.85,17,1,13.05,4,0,0,0
3,Legal,2026-05-28,9.19,18.02,8.83,21,0,18.5,6,0,0,0
3,Legal,2026-05-29,9.35,17.2,7.85,25,1,7.09,4,0,0,0
3,Legal,2026-06-01,9.68,16.75,7.06,21,1,2.49,3,0,0,0
3,Legal,2026-06-02,8.49,17.17,8.68,27,0,4.95,5,0,0,0
3,Legal,2026-06-03,8.98,17.25,8.27,16,0,6.34,3,0,0,0
3,Legal,2026-06-04,7.99,17.36,9.36,22,0,2.42,2,0,0,0
3,Legal,2026-06-05,8.28,17.76,9.48,17,0,18.33,4,0,0,0
3,Legal,2026-06-08,8.7,17.98,9.28,25,1,8.07,5,0,0,0
3,Legal,2026-06-09,9.6,16.61,7.01,25,0,10.82,3,0,0,0
3,Legal,2026-06-10,8.94,16.57,7.63,11,0,10.01,3,0,0,0
3,Legal,2026-06-11,9.14,17.35,8.21,29,1,3.79,5,0,0,0
3,Legal,2026-06-12,8.89,17.72,8.83,10,0,6.14,3,0,0,0
3,Legal,2026-06-14,9.11,15.94,6.83,22,0,7.5,5,0,1,0
3,Legal,2026-06-15,8.94,16.78,7.84,22,1,3.65,4,0,0,0
3,Legal,2026-06-16,9.14,16.78,7.63,6,1,7.45,4,0,0,0
3,Legal,2026-06-17,8.49,17.24,8.75,17,0,7.69,4,0,0,0
3,Legal,2026-06-18,8.6,16.51,7.91,19,0,9.56,4,0,0,0
3,Legal,2026-06-19,9.82,16.69,6.86,20,0,0.0,5,0,0,0
3,Legal,2026-06-22,9.07,17.31,8.24,12,2,5.98,3,0,0,0
3,Legal,2026-06-23,9.32,16.2,6.88,32,1,4.86,4,0,0,0
3,Legal,2026-06-24,8.83,16.68,7.85,23,0,6.3,3,0,0,0
3,Legal,2026-06-25,9.07,17.26,8.19,24,0,9.61,6,0,0,0
3,Legal,2026-06-26,9.0,16.51,7.51,14,2,7.86,2,0,0,0
3,Legal,2026-06-29,8.54,17.02,8.48,17,1,5.51,3,0,0,0
3,Legal,2026-06-30,8.8,16.43,7.63,21,0,14.59,4,0,0,0
3,Legal,2026-07-01,9.3,17.19,7.9,20,1,7.85,3,0,0,0
3,Legal,2026-07-02,9.08,17.53,8.45,15,0,8.07,4,0,0,0
3,Legal,2026-07-03,9.61,17.07,7.46,13,0,9.54,5,0,0,0
3,Legal,2026-07-06,9.42,16.89,7.46,14,0,8.56,3,0,0,0
3,Legal,2026-07-07,9.56,16.8,7.25,18,0,9.29,5,0,0,0
3,Legal,2026-07-08,8.94,16.3,7.36,16,1,8.91,4,0,0,0
3,Legal,2026-07-09,9.04,17.16,8.12,20,0,3.84,4,0,0,0
3,Legal,2026-07-10,8.95,17.59,8.65,26,1,18.45,4,0,0,0
3,Legal,2026-07-13,8.86,17.1,8.24,27,0,6.88,2,0,0,0
3,Legal,2026-07-14,8.96,17.79,8.83,20,1,0.0,4,0,0,0
3,Legal,2026-07-15,8.62,16.66,8.04,18,0,14.56,4,0,0,0
3,Legal,2026-07-16,9.65,17.92,8.27,25,0,6.37,4,0,0,0
3,Legal,2026-07-17,9.11,17.23,8.12,16,0,6.24,4,0,0,0
3,Legal,2026-07-20,9.33,16.72,7.38,25,0,2.71,2,0,0,0
3,Legal,2026-07-21,9.1,17.62,8.52,14,2,10.63,5,0,0,0
3,Legal,2026-07-22,9.25,16.86,7.61,24,0,15.69,2,0,0,0
3,Legal,2026-07-23,7.9,17.09,9.19,26,0,5.95,4,0,0,0
3,Legal,2026-07-24,9.21,17.12,7.91,24,0,6.35,4,0,0,0
3,Legal,2026-07-26,9.2,17.54,8.34,18,0,9.56,6,0,1,0
3,Legal,2026-07-27,8.93,16.79,7.86,20,0,6.88,2,0,0,0
4,Finance,2026-04-29,9.03,19.29,10.26,23,0,12.67,5,0,0,0
4,Finance,2026-04-30,8.59,18.56,9.97,27,0,13.52,4,0,0,0
4,Finance,2026-05-01,9.22,18.82,9.6,30,0,9.63,4,0,0,0
4,Finance,2026-05-04,8.31,17.56,9.25,29,0,14.37,5,0,0,0
4,Finance,2026-05-05,8.08,19.4,11.31,36,0,9.17,2,0,0,0
4,Finance,2026-05-06,8.52,18.16,9.64,38,1,8.17,3,0,0,0
4,Finance,2026-05-07,9.49,18.29,8.8,28,0,7.11,1,0,0,0
4,Finance,2026-05-08,8.53,17.42,8.89,29,0,3.91,3,0,0,0
4,Finance,2026-05-09,7.91,19.31,11.4,24,0,1.37,3,0,1,0
4,Finance,2026-05-11,8.25,18.55,10.3,22,0,9.95,4,0,0,0
4,Finance,2026-05-12,8.65,19.8,11.15,27,1,6.04,2,0,0,0
4,Finance,2026-05-13,7.74,17.71,9.97,28,0,10.91,4,0,0,0
4,Finance,2026-05-14,8.37,18.75,10.38,24,0,7.8,2,0,0,0
4,Finance,2026-05-15,7.56,18.23,10.67,26,0,4.92,4,0,0,0
4,Finance,2026-05-18,8.56,19.37,10.81,18,0,11.7,4,0,0,0
4,Finance,2026-05-19,9.12,18.84,9.72,24,1,10.32,2,0,0,0
4,Finance,2026-05-20,8.69,18.64,9.95,26,0,19.58,3,0,0,0
4,Finance,2026-05-21,7.66,19.1,11.44,31,0,14.02,3,0,0,0
4,Finance,2026-05-22,9.53,17.95,8.42,31,0,7.81,5,0,0,0
4,Finance,2026-05-25,7.73,18.25,10.52,18,0,13.56,4,0,0,0
4,Finance,2026-05-26,9.2,18.01,8.81,25,0,5.01,3,0,0,0
4,Finance,2026-05-27,8.66,18.57,9.9,20,0,13.72,2,0,0,0
4,Finance,2026-05-28,8.24,19.24,11.01,35,0,16.44,3,0,0,0
4,Finance,2026-05-29,8.62,17.98,9.36,27,1,6.97,2,0,0,0
4,Finance,2026-05-30,8.46,18.51,10.05,35,0,8.5,4,0,1,0
4,Finance,2026-06-01,9.23,18.88,9.66,26,0,10.66,4,0,0,0
4,Finance,2026-06-02,7.62,18.77,11.15,21,0,11.42,4,0,0,0
4,Finance,2026-06-03,7.74,18.34,10.6,23,0,6.39,2,0,0,0
4,Finance,2026-06-04,8.21,18.7,10.49,29,0,4.58,4,0,0,0
4,Finance,2026-06-05,9.68,18.11,8.43,14,1,7.73,4,0,0,0
4,Finance,2026-06-08,9.62,18.38,8.77,26,0,2.77,4,0,0,0
4,Finance,2026-06-09,8.77,19.72,10.95,25,0,9.99,4,0,0,0
4,Finance,2026-06-10,8.46,18.89,10.43,27,0,9.89,4,0,0,0
4,Finance,2026-06-11,7.92,18.16,10.24,30,0,5.97,1,0,0,0
4,Finance,2026-06-12,10.21,19.3,9.09,28,1,10.96,4,0,0,0
4,Finance,2026-06-15,8.54,18.57,10.03,26,0,13.41,3,0,0,0
4,Finance,2026-06-16,9.14,20.06,10.92,28,1,16.7,3,0,0,0
4,Finance,2026-06-17,9.12,19.32,10.21,25,0,5.88,3,0,0,0
4,Finance,2026-06-18,9.07,19.24,10.16,29,0,10.93,4,0,0,0
4,Finance,2026-06-19,8.85,18.31,9.46,30,0,13.6,4,0,0,0
4,Finance,2026-06-20,9.17,18.17,9.0,27,0,6.17,3,0,1,0
4,Finance,2026-06-22,8.69,18.58,9.89,27,0,11.31,3,0,0,0
4,Finance,2026-06-23,8.23,19.06,10.83,32,0,8.23,3,0,0,0
4,Finance,2026-06-24,8.14,18.21,10.06,31,1,6.35,3,0,0,0
4,Finance,2026-06-25,8.96,17.74,8.78,26,0,9.11,4,0,0,0
4,Finance,2026-06-26,9.32,17.88,8.56,12,0,9.61,3,0,0,0
4,Finance,2026-06-29,8.73,19.17,10.43,30,0,13.11,6,0,0,0
4,Finance,2026-06-30,8.84,18.36,9.52,27,0,1.79,4,0,0,0
4,Finance,2026-07-01,8.17,18.29,10.12,27,0,7.56,3,0,0,0
4,Finance,2026-07-02,9.05,18.14,9.09,24,0,7.66,4,0,0,0
4,Finance,2026-07-03,8.4,19.28,10.88,24,0,12.27,3,0,0,0
4,Finance,2026-07-06,8.77,18.31,9.54,15,0,8.33,4,0,0,0
4,Finance,2026-07-07,8.23,18.78,10.55,27,0,9.23,4,0,0,0
4,Finance,2026-07-08,8.33,18.47,10.14,30,0,13.69,4,0,0,0
4,Finance,2026-07-09,8.58,16.96,8.39,27,0,6.67,2,0,0,0
4,Finance,2026-07-10,8.39,18.57,10.19,25,0,14.68,3,0,0,0
4,Finance,2026-07-13,8.88,18.5,9.62,29,0,2.66,4,0,0,0
4,Finance,2026-07-14,8.83,18.12,9.29,22,0,13.37,5,0,0,0
4,Finance,2026-07-15,8.26,18.78,10.52,26,0,6.69,3,0,0,0
4,Finance,2026-07-16,8.66,18.06,9.4,31,0,6.82,2,0,0,0
4,Finance,2026-07-17,8.07,18.53,10.46,14,0,18.52,4,0,0,0
4,Finance,2026-07-18,8.91,18.64,9.73,37,0,9.74,4,0,1,0
4,Finance,2026-07-20,9.0,18.52,9.52,28,0,9.28,5,0,0,0
4,Finance,2026-07-21,8.02,17.78,9.76,28,0,9.07,4,0,0,0
4,Finance,2026-07-22,8.98,17.3,8.32,22,0,8.46,2,0,0,0
4,Finance,2026-07-23,8.55,19.66,11.11,27,1,9.79,2,0,0,0
4,Finance,2026-07-24,8.33,18.44,10.11,25,0,10.44,5,0,0,0
4,Finance,2026-07-25,8.89,19.35,10.46,35,0,4.81,4,0,1,0
4,Finance,2026-07-27,8.52,19.26,10.73,26,0,4.51,3,0,0,0
5,IT,2026-04-29,8.8,18.61,9.82,15,0,5.81,5,0,0,0
5,IT,2026-04-30,8.6,18.15,9.55,22,0,10.06,5,0,0,0
5,IT,2026-05-01,8.68,17.52,8.84,17,0,13.8,4,0,0,0
5,IT,2026-05-04,9.01,18.38,9.37,12,1,14.02,5,0,0,0
5,IT,2026-05-05,8.46,18.56,10.1,24,0,11.56,7,0,0,0
5,IT,2026-05-06,9.37,18.4,9.04,9,0,11.07,5,0,0,0
5,IT,2026-05-07,8.15,18.63,10.47,19,0,10.51,5,0,0,0
5,IT,2026-05-08,8.34,18.25,9.91,13,0,10.89,5,0,0,0
5,IT,2026-05-11,8.45,19.06,10.6,22,2,9.92,7,0,0,0
5,IT,2026-05-12,8.48,18.51,10.02,7,0,7.47,6,0,0,0
5,IT,2026-05-13,8.79,17.69,8.9,13,1,15.06,7,0,0,0
5,IT,2026-05-14,8.0,19.23,11.24,15,0,15.44,5,0,0,0
5,IT,2026-05-15,9.48,18.02,8.54,13,0,0.0,4,0,0,0
5,IT,2026-05-18,8.96,16.7,7.74,16,0,10.41,6,0,0,0
5,IT,2026-05-19,9.3,18.71,9.41,10,1,14.01,5,0,0,0
5,IT,2026-05-20,7.95,18.68,10.73,2,0,7.97,4,0,0,0
5,IT,2026-05-21,9.12,17.57,8.45,18,0,14.17,4,0,0,0
5,IT,2026-05-22,8.18,18.78,10.6,18,0,15.45,5,0,0,0
5,IT,2026-05-25,8.48,19.12,10.64,24,0,16.23,7,0,0,0
5,IT,2026-05-26,8.97,18.55,9.58,12,0,14.92,4,0,0,0
5,IT,2026-05-27,9.31,17.66,8.36,13,0,13.32,3,0,0,0
5,IT,2026-05-28,8.86,18.91,10.05,20,0,13.24,6,0,0,0
5,IT,2026-05-29,9.11,18.52,9.4,19,0,9.85,4,0,0,0
5,IT,2026-06-01,8.17,18.9,10.73,20,0,12.3,6,0,0,0
5,IT,2026-06-02,8.23,18.03,9.8,18,0,15.72,5,0,0,0
5,IT,2026-06-03,9.01,18.73,9.72,10,0,14.32,5,0,0,0
5,IT,2026-06-04,8.78,17.87,9.08,18,0,14.0,6,0,0,0
5,IT,2026-06-05,9.47,17.67,8.19,14,1,7.85,4,0,0,0
5,IT,2026-06-08,8.45,18.73,10.27,21,0,20.06,5,0,0,0
5,IT,2026-06-09,8.85,17.2,8.35,17,0,17.32,4,0,0,0
5,IT,2026-06-10,9.39,17.74,8.35,12,0,11.71,5,0,0,0
5,IT,2026-06-11,7.93,17.59,9.67,21,0,14.48,5,0,0,0
5,IT,2026-06-12,9.47,18.95,9.48,9,0,14.4,5,0,0,0
5,IT,2026-06-15,8.91,18.47,9.56,15,0,7.01,5,0,0,0
5,IT,2026-06-16,9.54,17.89,8.36,12,0,19.13,4,0,0,0
5,IT,2026-06-17,8.45,18.21,9.76,8,0,16.11,4,0,0,0
5,IT,2026-06-18,8.82,18.5,9.68,15,0,13.06,7,0,0,0
5,IT,2026-06-19,9.45,17.48,8.03,19,0,17.08,6,0,0,0
5,IT,2026-06-22,9.11,17.34,8.23,14,0,13.43,6,0,0,0
5,IT,2026-06-23,9.36,18.13,8.76,15,0,11.01,4,0,0,0
5,IT,2026-06-24,8.72,18.56,9.84,13,0,14.0,5,0,0,0
5,IT,2026-06-25,8.69,18.4,9.71,13,1,10.57,4,0,0,0
5,IT,2026-06-26,9.65,19.09,9.44,8,0,15.08,6,0,0,0
5,IT,2026-06-27,9.06,17.79,8.73,12,0,19.14,5,0,1,0
5,IT,2026-06-29,8.49,18.41,9.92,17,1,14.21,6,0,0,0
5,IT,2026-06-30,8.16,18.78,10.62,19,0,11.58,5,0,0,0
5,IT,2026-07-01,8.86,18.72,9.87,6,0,13.46,6,0,0,0
5,IT,2026-07-02,9.14,18.12,8.98,22,0,15.64,4,0,0,0
5,IT,2026-07-03,7.97,17.04,9.07,18,0,13.06,5,0,0,0
5,IT,2026-07-05,9.21,18.28,9.07,5,0,15.49,5,0,1,0
5,IT,2026-07-06,8.91,18.04,9.13,24,0,8.25,5,0,0,0
5,IT,2026-07-07,8.64,18.74,10.1,17,0,9.54,6,0,0,0
5,IT,2026-07-08,8.28,17.59,9.32,15,0,5.68,4,0,0,0
5,IT,2026-07-09,8.12,18.55,10.43,18,0,7.74,4,0,0,0
5,IT,2026-07-10,9.13,18.27,9.14,20,0,3.76,6,0,0,0
5,IT,2026-07-13,8.62,18.51,9.89,18,0,7.91,6,0,0,0
5,IT,2026-07-14,8.29,18.58,10.3,10,0,15.29,6,0,0,0
5,IT,2026-07-15,9.24,17.52,8.28,15,0,11.2,6,0,0,0
5,IT,2026-07-16,8.39,18.09,9.7,15,0,6.21,4,0,0,0
5,IT,2026-07-17,8.5,18.88,10.38,25,0,17.69,3,0,0,0
5,IT,2026-07-20,8.78,17.48,8.71,20,0,11.35,4,0,0,0
5,IT,2026-07-21,8.82,17.71,8.89,16,0,14.05,5,0,0,0
5,IT,2026-07-22,8.54,17.49,8.95,14,0,13.03,5,0,0,0
5,IT,2026-07-23,8.75,19.84,11.08,9,0,7.93,6,0,0,0
5,IT,2026-07-24,9.4,18.34,8.94,17,0,13.67,6,0,0,0
5,IT,2026-07-27,8.47,17.78,9.32,15,0,11.22,6,0,0,0
6,Legal,2026-04-29,8.45,18.16,9.71,31,0,12.07,4,0,0,0
6,Legal,2026-04-30,7.96,17.01,9.05,34,0,9.29,2,0,0,0
6,Legal,2026-05-01,8.11,17.77,9.66,39,0,13.17,4,0,0,0
6,Legal,2026-05-03,7.63,18.5,10.86,34,0,19.89,4,0,1,0
6,Legal,2026-05-04,8.58,18.51,9.93,25,0,14.54,5,0,0,0
6,Legal,2026-05-05,8.55,17.87,9.32,28,1,15.1,3,0,0,0
6,Legal,2026-05-06,9.05,18.78,9.73,31,0,18.07,3,0,0,0
6,Legal,2026-05-07,7.59,17.55,9.95,35,0,9.95,2,0,0,0
6,Legal,2026-05-08,8.02,17.29,9.28,30,0,17.92,3,0,0,0
6,Legal,2026-05-11,7.96,18.8,10.84,33,0,9.94,4,0,0,0
6,Legal,2026-05-12,8.29,18.47,10.18,25,0,10.73,2,0,0,0
6,Legal,2026-05-13,8.55,17.22,8.67,33,0,16.52,4,0,0,0
6,Legal,2026-05-14,7.85,18.49,10.63,32,0,12.15,3,0,0,0
6,Legal,2026-05-15,8.17,17.94,9.77,33,0,14.69,3,0,0,0
6,Legal,2026-05-18,8.04,18.58,10.54,32,0,15.57,2,0,0,0
6,Legal,2026-05-19,8.27,18.83,10.57,26,1,13.92,3,0,0,0
6,Legal,2026-05-20,8.81,17.78,8.97,21,0,16.87,4,0,0,0
6,Legal,2026-05-21,8.87,18.37,9.5,36,0,18.17,3,0,0,0
6,Legal,2026-05-22,9.02,19.19,10.17,39,0,12.34,4,0,0,0
6,Legal,2026-05-25,7.5,18.36,10.85,20,0,18.78,4,0,0,0
6,Legal,2026-05-26,8.55,19.1,10.55,30,0,11.69,2,0,0,0
6,Legal,2026-05-27,8.94,19.32,10.37,30,0,9.06,4,0,0,0
6,Legal,2026-05-28,8.41,17.52,9.12,24,1,15.8,4,0,0,0
6,Legal,2026-05-29,8.44,18.45,10.01,37,0,15.97,4,0,0,0
6,Legal,2026-06-01,6.94,17.96,11.02,32,0,9.7,3,0,0,0
6,Legal,2026-06-02,8.59,17.09,8.51,36,0,14.01,3,0,0,0
6,Legal,2026-06-03,8.3,17.68,9.38,25,2,16.8,2,0,0,0
6,Legal,2026-06-04,8.7,18.31,9.61,31,0,12.24,3,0,0,0
6,Legal,2026-06-05,8.1,17.69,9.59,30,0,8.11,1,0,0,0
6,Legal,2026-06-08,7.97,17.53,9.56,27,0,11.23,2,0,0,0
6,Legal,2026-06-09,7.98,18.25,10.27,33,0,12.08,4,0,0,0
6,Legal,2026-06-10,8.01,16.99,8.97,30,0,12.87,3,0,0,0
6,Legal,2026-06-11,8.3,19.75,11.46,32,0,10.29,2,0,0,0
6,Legal,2026-06-12,8.19,17.01,8.82,28,1,9.56,1,0,0,0
6,Legal,2026-06-15,8.77,18.55,9.78,28,0,17.53,3,0,0,0
6,Legal,2026-06-16,8.63,18.11,9.48,23,1,19.29,3,0,0,0
6,Legal,2026-06-17,8.68,17.92,9.24,22,0,10.61,3,0,0,0
6,Legal,2026-06-18,8.38,18.29,9.92,24,0,23.18,3,0,0,0
6,Legal,2026-06-19,8.35,17.23,8.88,38,0,9.63,2,0,0,0
6,Legal,2026-06-22,8.35,18.4,10.05,28,0,9.89,3,0,0,0
6,Legal,2026-06-23,8.81,17.83,9.02,27,0,13.38,4,0,0,0
6,Legal,2026-06-24,8.44,18.45,10.01,26,0,15.94,3,0,0,0
6,Legal,2026-06-25,7.78,17.61,9.82,33,1,19.22,1,0,0,0
6,Legal,2026-06-26,7.91,18.12,10.21,26,1,10.56,2,0,0,0
6,Legal,2026-06-29,7.08,16.87,9.78,27,0,16.14,5,0,0,0
6,Legal,2026-06-30,7.5,18.84,11.34,29,0,14.87,1,0,0,0
6,Legal,2026-07-01,8.59,18.27,9.68,33,0,30.01,3,0,0,0
6,Legal,2026-07-02,7.95,18.86,10.91,29,0,14.12,3,0,0,0
6,Legal,2026-07-03,7.92,18.34,10.42,23,0,17.31,4,0,0,0
6,Legal,2026-07-06,7.96,18.33,10.37,28,0,17.05,5,0,0,0
6,Legal,2026-07-07,8.12,18.54,10.42,31,1,19.49,3,0,0,0
6,Legal,2026-07-08,8.17,18.19,10.02,32,1,20.62,4,0,0,0
6,Legal,2026-07-09,8.64,17.86,9.23,26,0,18.13,4,0,0,0
6,Legal,2026-07-10,8.72,17.48,8.76,24,0,7.75,3,0,0,0
6,Legal,2026-07-13,8.52,18.02,9.5,32,0,9.72,3,0,0,0
6,Legal,2026-07-14,8.45,17.15,8.7,30,0,19.13,4,0,0,0
6,Legal,2026-07-15,8.44,19.05,10.61,26,0,21.3,3,0,0,0
6,Legal,2026-07-16,8.5,17.48,8.98,35,0,12.19,2,0,0,0
6,Legal,2026-07-17,8.81,17.98,9.17,32,0,12.02,3,0,0,0
6,Legal,2026-07-20,7.28,17.41,10.13,29,0,17.95,3,0,0,0
6,Legal,2026-07-21,8.83,17.63,8.8,33,1,15.11,4,0,0,0
6,Legal,2026-07-22,8.35,17.14,8.8,26,0,16.17,4,0,0,0
6,Legal,2026-07-23,8.29,17.59,9.3,25,1,13.92,3,0,0,0
6,Legal,2026-07-24,7.86,18.39,10.53,41,0,15.34,2,0,0,0
6,Legal,2026-07-27,7.25,17.62,10.37,28,0,21.86,2,0,0,0
7,IT,2026-04-29,9.79,16.5,6.71,19,0,7.84,5,0,0,0
7,IT,2026-04-30,8.82,16.79,7.96,11,0,12.37,4,0,0,0
7,IT,2026-05-01,9.04,18.36,9.33,13,0,13.02,3,0,0,0
7,IT,2026-05-04,8.53,17.39,8.86,15,0,10.01,4,0,0,0
7,IT,2026-05-05,9.21,16.93,7.73,12,0,8.45,4,0,0,0
7,IT,2026-05-06,9.29,17.73,8.43,9,0,7.39,4,0,0,0
7,IT,2026-05-07,9.71,17.49,7.79,11,0,12.85,3,0,0,0
7,IT,2026-05-08,9.68,18.34,8.66,7,0,5.38,3,0,0,0
7,IT,2026-05-11,8.57,17.52,8.95,10,0,9.49,3,0,0,0
7,IT,2026-05-12,9.42,17.31,7.89,6,0,9.5,4,0,0,0
7,IT,2026-05-13,9.34,18.45,9.11,21,0,9.03,5,0,0,0
7,IT,2026-05-14,9.1,18.71,9.62,18,0,10.43,4,0,0,0
7,IT,2026-05-15,10.09,17.48,7.39,20,0,7.47,4,0,0,0
7,IT,2026-05-18,8.49,17.71,9.22,5,0,11.26,5,0,0,0
7,IT,2026-05-19,9.12,18.41,9.29,8,0,7.7,4,0,0,0
7,IT,2026-05-20,9.11,18.14,9.03,22,0,12.5,4,0,0,0
7,IT,2026-05-21,8.89,17.19,8.31,9,0,3.57,3,0,0,0
7,IT,2026-05-22,9.31,16.9,7.58,16,0,9.22,3,0,0,0
7,IT,2026-05-23,9.35,18.25,8.9,22,0,6.72,3,0,1,0
7,IT,2026-05-25,9.39,18.07,8.67,4,0,13.49,3,0,0,0
7,IT,2026-05-26,9.48,17.22,7.74,19,0,1.29,5,0,0,0
7,IT,2026-05-27,9.48,17.89,8.4,18,0,4.13,3,0,0,0
7,IT,2026-05-28,9.85,17.25,7.39,14,0,9.95,4,0,0,0
7,IT,2026-05-29,9.11,17.2,8.09,13,0,4.63,4,0,0,0
7,IT,2026-05-30,9.08,15.88,6.8,12,0,10.91,1,0,1,0
7,IT,2026-06-01,10.13,17.81,7.68,11,0,10.04,3,0,0,0
7,IT,2026-06-02,8.79,18.64,9.85,9,0,7.83,3,0,0,0
7,IT,2026-06-03,8.99,17.99,9.0,7,0,11.32,3,0,0,0
7,IT,2026-06-04,9.77,17.34,7.57,7,0,12.12,4,0,0,0
7,IT,2026-06-05,9.95,17.94,7.98,8,0,6.89,5,0,0,0
7,IT,2026-06-07,8.89,17.99,9.09,19,0,6.58,4,0,1,0
7,IT,2026-06-08,10.61,17.25,6.65,6,0,0.7,5,0,0,0
7,IT,2026-06-09,9.57,18.18,8.61,16,0,4.41,3,0,0,0
7,IT,2026-06-10,9.08,18.12,9.04,18,0,10.02,5,0,0,0
7,IT,2026-06-11,10.31,18.6,8.29,18,0,1.59,3,0,0,0
7,IT,2026-06-12,9.1,18.06,8.96,8,0,11.25,3,0,0,0
7,IT,2026-06-13,9.82,17.79,7.97,9,0,7.07,2,0,1,0
7,IT,2026-06-15,9.26,16.41,7.15,8,0,15.86,3,0,0,0
7,IT,2026-06-16,9.03,17.75,8.73,14,0,8.96,5,0,0,0
7,IT,2026-06-17,9.47,19.34,9.87,5,0,12.45,3,0,0,0
7,IT,2026-06-18,9.32,17.02,7.7,19,0,10.63,4,0,0,0
7,IT,2026-06-19,9.78,18.26,8.47,16,0,8.81,4,0,0,0
7,IT,2026-06-22,8.9,18.32,9.43,7,0,4.7,3,0,0,0
7,IT,2026-06-23,9.58,18.01,8.43,13,0,4.72,3,0,0,0
7,IT,2026-06-24,9.6,16.84,7.24,10,0,12.9,4,0,0,0
7,IT,2026-06-25,9.5,17.96,8.45,9,0,8.34,5,0,0,0
7,IT,2026-06-26,8.67,16.79,8.12,11,0,5.71,3,0,0,0
7,IT,2026-06-29,10.17,16.13,5.96,20,0,9.57,3,0,0,0
7,IT,2026-06-30,8.65,18.35,9.7,19,0,9.57,3,0,0,0
7,IT,2026-07-01,9.57,17.01,7.44,19,0,12.46,4,0,0,0
7,IT,2026-07-02,10.01,18.07,8.06,21,0,16.56,3,0,0,0
7,IT,2026-07-03,9.28,17.87,8.59,13,0,4.29,3,0,0,0
7,IT,2026-07-04,9.51,17.74,8.23,9,0,10.85,2,0,1,0
7,IT,2026-07-06,9.46,17.27,7.81,8,0,11.56,4,0,0,0
7,IT,2026-07-07,9.58,17.83,8.25,20,0,13.82,2,0,0,0
7,IT,2026-07-08,8.78,17.53,8.75,16,0,15.4,3,0,0,0
7,IT,2026-07-09,9.39,18.08,8.7,19,0,4.36,5,0,0,0
7,IT,2026-07-10,9.32,18.58,9.26,17,0,7.67,4,0,0,0
7,IT,2026-07-13,8.97,17.51,8.54,11,0,10.05,3,0,0,0
7,IT,2026-07-14,8.89,16.61,7.72,5,0,2.79,6,0,0,0
7,IT,2026-07-15,9.07,17.73,8.65,16,0,7.91,2,0,0,0
7,IT,2026-07-16,10.19,18.71,8.52,5,0,4.12,3,0,0,0
7,IT,2026-07-17,9.28,17.12,7.83,17,0,16.88,5,0,0,0
7,IT,2026-07-20,10.02,17.28,7.27,10,0,8.53,3,0,0,0
7,IT,2026-07-21,9.87,17.16,7.29,12,0,16.11,2,0,0,0
7,IT,2026-07-22,9.72,18.52,8.8,25,0,6.6,3,0,0,0
7,IT,2026-07-23,9.91,17.96,8.05,10,0,9.96,1,0,0,0
7,IT,2026-07-24,9.81,17.7,7.89,13,0,16.4,3,0,0,0
7,IT,2026-07-25,9.89,18.82,8.93,10,0,8.74,3,0,1,0
7,IT,2026-07-27,8.82,17.3,8.49,11,0,7.91,4,0,0,0
8,IT,2026-04-29,9.2,19.11,9.92,30,0,11.74,4,0,0,0
8,IT,2026-04-30,8.83,19.24,10.41,35,0,9.57,2,0,0,0
8,IT,2026-05-01,8.85,19.09,10.24,42,0,10.55,3,0,0,0
8,IT,2026-05-04,8.94,17.74,8.8,32,0,6.74,3,0,0,0
8,IT,2026-05-05,8.32,18.11,9.79,32,0,0.0,5,0,0,0
8,IT,2026-05-06,9.14,18.2,9.06,33,0,5.28,3,0,0,0
8,IT,2026-05-07,8.23,19.04,10.81,34,0,10.67,2,0,0,0
8,IT,2026-05-08,8.39,18.51,10.12,30,0,9.09,1,0,0,0
8,IT,2026-05-11,8.65,18.62,9.97,33,0,13.88,1,0,0,0
8,IT,2026-05-12,9.17,19.26,10.09,31,0,0.0,3,0,0,0
8,IT,2026-05-13,8.85,17.88,9.03,38,0,8.66,3,0,0,0
8,IT,2026-05-14,8.84,18.11,9.27,35,0,17.71,2,0,0,0
8,IT,2026-05-15,7.94,18.73,10.79,31,1,3.86,1,0,0,0
8,IT,2026-05-18,8.3,19.07,10.78,30,1,16.36,3,0,0,0
8,IT,2026-05-19,8.73,18.52,9.79,31,0,15.08,1,0,0,0
8,IT,2026-05-20,8.85,16.93,8.09,28,0,16.48,4,0,0,0
8,IT,2026-05-21,8.01,16.85,8.84,30,0,15.95,5,0,0,0
8,IT,2026-05-22,8.54,17.68,9.14,43,0,16.34,4,0,0,0
8,IT,2026-05-25,8.28,18.8,10.52,42,2,5.52,3,0,0,0
8,IT,2026-05-26,8.33,17.49,9.16,34,0,20.01,3,0,0,0
8,IT,2026-05-27,8.48,19.02,10.54,28,0,12.53,3,0,0,0
8,IT,2026-05-28,8.54,17.65,9.11,34,0,6.94,4,0,0,0
8,IT,2026-05-29,7.34,18.41,11.07,33,0,10.88,4,0,0,0
8,IT,2026-06-01,8.45,19.22,10.77,34,1,10.74,2,0,0,0
8,IT,2026-06-02,8.27,17.94,9.66,27,0,3.74,5,0,0,0
8,IT,2026-06-03,8.23,18.55,10.32,25,0,10.34,4,0,0,0
8,IT,2026-06-04,8.4,19.07,10.67,36,1,19.18,2,0,0,0
8,IT,2026-06-05,9.22,19.12,9.89,28,1,13.99,3,0,0,0
8,IT,2026-06-08,8.48,19.66,11.18,33,0,13.13,4,0,0,0
8,IT,2026-06-09,8.19,17.41,9.22,36,0,10.71,4,0,0,0
8,IT,2026-06-10,8.96,17.84,8.88,31,1,4.47,3,0,0,0
8,IT,2026-06-11,7.6,18.46,10.85,42,1,6.17,2,0,0,0
8,IT,2026-06-12,8.28,18.79,10.51,30,1,11.65,3,0,0,0
8,IT,2026-06-15,8.53,18.7,10.17,30,0,9.23,3,0,0,0
8,IT,2026-06-16,8.37,19.02,10.66,30,1,7.7,4,0,0,0
8,IT,2026-06-17,8.76,18.51,9.75,27,0,14.88,3,0,0,0
8,IT,2026-06-18,9.7,18.21,8.51,29,2,9.45,3,0,0,0
8,IT,2026-06-19,9.2,18.89,9.7,37,0,8.26,4,0,0,0
8,IT,2026-06-22,9.03,18.39,9.36,33,0,9.15,5,0,0,0
8,IT,2026-06-23,8.42,19.06,10.64,34,0,8.63,4,0,0,0
8,IT,2026-06-24,8.17,19.92,11.75,34,0,11.48,4,0,0,0
8,IT,2026-06-25,8.3,18.62,10.32,35,1,13.71,3,0,0,0
8,IT,2026-06-26,8.9,18.3,9.4,28,1,10.26,3,0,0,0
8,IT,2026-06-29,9.09,17.99,8.9,28,0,8.75,4,0,0,0
8,IT,2026-06-30,8.61,17.57,8.95,26,0,0.0,4,0,0,0
8,IT,2026-07-01,8.6,19.06,10.46,27,1,10.06,3,0,0,0
8,IT,2026-07-02,8.31,17.5,9.18,41,0,7.48,4,0,0,0
8,IT,2026-07-03,8.84,19.07,10.23,27,0,0.7,3,0,0,0
8,IT,2026-07-06,9.42,18.43,9.01,33,1,4.33,3,0,0,0
8,IT,2026-07-07,8.83,18.84,10.0,33,1,8.81,3,0,0,0
8,IT,2026-07-08,8.07,17.69,9.62,25,1,9.54,3,0,0,0
8,IT,2026-07-09,8.31,19.08,10.78,42,0,7.54,3,0,0,0
8,IT,2026-07-10,8.58,18.62,10.04,33,1,10.87,3,0,0,0
8,IT,2026-07-12,8.11,19.21,11.1,36,0,7.75,2,0,1,0
8,IT,2026-07-13,8.2,18.57,10.37,26,0,2.64,2,0,0,0
8,IT,2026-07-14,7.56,18.38,10.82,32,0,8.66,2,0,0,0
8,IT,2026-07-15,8.35,18.2,9.85,34,1,11.9,3,0,0,0
8,IT,2026-07-16,8.19,18.48,10.29,32,1,10.85,5,0,0,0
8,IT,2026-07-17,8.63,18.04,9.42,28,0,4.41,2,0,0,0
8,IT,2026-07-20,8.15,18.74,10.59,33,2,2.09,3,0,0,0
8,IT,2026-07-21,8.0,18.3,10.3,29,0,8.43,3,0,0,0
8,IT,2026-07-22,8.4,17.72,9.32,31,1,11.04,2,0,0,0
8,IT,2026-07-23,9.18,17.72,8.54,35,0,11.08,4,0,0,0
8,IT,2026-07-24,7.97,17.76,9.79,26,0,15.25,4,0,0,0
8,IT,2026-07-26,8.78,18.06,9.28,29,0,14.7,5,0,1,0
8,IT,2026-07-27,8.1,19.27,11.17,30,0,12.1,3,0,0,0
9,Engineering,2026-04-29,8.34,19.55,11.21,18,0,17.64,4,0,0,0
9,Engineering,2026-04-30,8.17,18.42,10.26,20,0,16.54,2,0,0,0
9,Engineering,2026-05-01,7.7,18.77,11.07,22,0,23.97,2,0,0,0
9,Engineering,2026-05-04,8.43,18.29,9.86,28,0,22.57,1,0,0,0
9,Engineering,2026-05-05,8.17,18.11,9.94,16,0,23.6,2,0,0,0
9,Engineering,2026-05-06,8.4,19.68,11.27,22,0,15.4,3,0,0,0
9,Engineering,2026-05-07,8.18,17.66,9.48,19,1,13.29,2,0,0,0
9,Engineering,2026-05-08,8.17,19.28,11.11,27,0,24.41,4,0,0,0
9,Engineering,2026-05-11,7.99,18.87,10.88,26,0,23.8,3,0,0,0
9,Engineering,2026-05-12,7.82,18.69,10.87,31,0,18.31,2,0,0,0
9,Engineering,2026-05-13,8.74,18.09,9.35,26,0,16.42,3,0,0,0
9,Engineering,2026-05-14,8.6,18.26,9.66,16,1,21.71,2,0,0,0
9,Engineering,2026-05-15,8.37,19.34,10.97,23,0,18.02,3,0,0,0
9,Engineering,2026-05-17,8.47,18.06,9.59,24,0,26.94,3,0,1,0
9,Engineering,2026-05-18,8.86,19.3,10.44,27,1,27.08,1,0,0,0
9,Engineering,2026-05-19,7.92,18.31,10.39,25,0,27.0,4,0,0,0
9,Engineering,2026-05-20,8.05,19.28,11.23,21,0,24.23,3,0,0,0
9,Engineering,2026-05-21,7.96,18.0,10.05,26,0,18.74,1,0,0,0
9,Engineering,2026-05-22,8.36,19.15,10.79,14,1,24.43,2,0,0,0
9,Engineering,2026-05-25,7.25,18.89,11.64,21,0,19.26,4,0,0,0
9,Engineering,2026-05-26,8.74,18.53,9.79,18,0,22.39,3,0,0,0
9,Engineering,2026-05-27,7.46,19.0,11.54,29,0,28.11,6,0,0,0
9,Engineering,2026-05-28,7.53,18.92,11.38,13,0,19.99,3,0,0,0
9,Engineering,2026-05-29,8.03,18.27,10.24,19,0,29.81,1,0,0,0
9,Engineering,2026-06-01,8.47,17.53,9.06,23,0,21.96,2,0,0,0
9,Engineering,2026-06-02,8.39,18.63,10.24,23,0,21.0,2,0,0,0
9,Engineering,2026-06-03,8.08,18.78,10.7,25,0,21.68,1,0,0,0
9,Engineering,2026-06-04,7.71,18.69,10.98,20,0,19.64,1,0,0,0
9,Engineering,2026-06-05,8.19,18.72,10.53,20,1,20.01,2,0,0,0
9,Engineering,2026-06-08,7.17,19.24,12.07,20,0,20.81,3,0,0,0
9,Engineering,2026-06-09,7.93,18.94,11.01,28,0,25.53,1,0,0,0
9,Engineering,2026-06-10,7.52,17.07,9.55,19,0,25.91,3,0,0,0
9,Engineering,2026-06-11,8.08,19.33,11.25,34,0,25.81,2,0,0,0
9,Engineering,2026-06-12,8.45,20.46,12.01,23,0,23.65,3,0,0,0
9,Engineering,2026-06-15,7.83,18.9,11.08,18,0,25.93,2,0,0,0
9,Engineering,2026-06-16,8.47,18.94,10.47,18,0,23.35,3,0,0,0
9,Engineering,2026-06-17,8.66,18.22,9.56,20,0,15.93,2,0,0,0
9,Engineering,2026-06-18,7.87,18.84,10.97,21,0,14.05,2,0,0,0
9,Engineering,2026-06-19,7.91,18.53,10.61,30,0,27.32,2,0,0,0
9,Engineering,2026-06-21,8.52,18.82,10.29,29,0,20.53,3,0,1,0
9,Engineering,2026-06-22,8.3,19.1,10.8,22,0,27.02,1,0,0,0
9,Engineering,2026-06-23,8.39,18.42,10.02,22,0,22.37,1,0,0,0
9,Engineering,2026-06-24,7.55,19.5,11.95,21,0,21.28,3,0,0,0
9,Engineering,2026-06-25,8.67,18.3,9.64,31,0,15.96,2,0,0,0
9,Engineering,2026-06-26,8.47,18.68,10.21,21,0,20.26,1,0,0,0
9,Engineering,2026-06-28,8.57,18.89,10.32,25,0,17.7,4,0,1,0
9,Engineering,2026-06-29,7.75,18.85,11.1,10,0,26.36,4,0,0,0
9,Engineering,2026-06-30,8.04,18.54,10.5,23,0,23.43,3,0,0,0
9,Engineering,2026-07-01,8.34,19.57,11.24,25,1,12.65,2,0,0,0
9,Engineering,2026-07-02,7.71,18.75,11.04,12,1,27.36,3,0,0,0
9,Engineering,2026-07-03,8.73,17.65,8.93,24,0,20.35,3,0,0,0
9,Engineering,2026-07-05,8.59,18.34,9.75,15,0,21.44,3,0,1,0
9,Engineering,2026-07-06,8.01,17.97,9.96,23,1,18.19,3,0,0,0
9,Engineering,2026-07-07,8.05,18.1,10.06,17,0,29.82,3,0,0,0
9,Engineering,2026-07-08,8.23,19.54,11.31,11,0,25.65,2,0,0,0
9,Engineering,2026-07-09,7.94,19.21,11.27,26,1,22.81,1,0,0,0
9,Engineering,2026-07-10,7.91,17.78,9.87,26,0,22.52,2,0,0,0
9,Engineering,2026-07-11,7.99,18.07,10.07,15,0,22.37,2,0,1,0
9,Engineering,2026-07-13,7.83,18.67,10.85,25,0,22.26,3,0,0,0
9,Engineering,2026-07-14,9.02,18.48,9.46,25,0,14.86,1,0,0,0
9,Engineering,2026-07-15,7.93,20.28,12.35,23,0,29.55,3,0,0,0
9,Engineering,2026-07-16,8.23,18.77,10.54,15,0,27.5,2,0,0,0
9,Engineering,2026-07-17,7.53,18.26,10.73,14,0,27.89,2,0,0,0
9,Engineering,2026-07-20,7.8,19.19,11.39,23,0,15.91,1,0,0,0
9,Engineering,2026-07-21,8.39,18.81,10.42,25,1,26.31,3,0,0,0
9,Engineering,2026-07-22,8.91,19.14,10.23,19,0,21.13,3,0,0,0
9,Engineering,2026-07-23,7.95,19.23,11.27,22,1,23.24,1,0,0,0
9,Engineering,2026-07-24,7.53,19.33,11.79,22,0,19.98,2,0,0,0
9,Engineering,2026-07-27,7.1,17.98,10.88,12,0,26.72,3,0,0,0
10,Legal,2026-04-29,8.57,18.82,10.26,25,0,17.91,5,0,0,0
10,Legal,2026-04-30,9.3,18.62,9.32,33,0,21.99,4,0,0,0
10,Legal,2026-05-01,8.43,18.78,10.35,22,0,14.0,7,0,0,0
10,Legal,2026-05-04,8.6,18.88,10.28,27,1,12.62,4,0,0,0
10,Legal,2026-05-05,9.72,18.72,9.0,28,0,17.59,4,0,0,0
10,Legal,2026-05-06,9.52,18.8,9.27,26,0,10.28,4,0,0,0
10,Legal,2026-05-07,9.48,19.16,9.68,32,0,14.81,7,0,0,0
10,Legal,2026-05-08,8.76,19.11,10.36,22,0,18.86,7,0,0,0
10,Legal,2026-05-11,9.39,17.62,8.23,28,0,20.99,5,0,0,0
10,Legal,2026-05-12,8.97,18.67,9.7,19,0,17.24,4,0,0,0
10,Legal,2026-05-13,8.38,18.2,9.82,22,1,16.74,5,0,0,0
10,Legal,2026-05-14,9.12,19.09,9.98,30,0,18.4,5,0,0,0
10,Legal,2026-05-15,9.1,19.42,10.32,24,0,25.56,5,0,0,0
10,Legal,2026-05-16,8.79,17.66,8.86,25,0,18.78,5,0,1,0
10,Legal,2026-05-18,7.77,19.93,12.16,29,0,14.06,6,0,0,0
10,Legal,2026-05-19,9.51,18.46,8.95,24,0,17.75,6,0,0,0
10,Legal,2026-05-20,9.21,19.19,9.98,29,0,15.04,4,0,0,0
10,Legal,2026-05-21,9.57,18.89,9.33,27,0,21.49,6,0,0,0
10,Legal,2026-05-22,9.2,19.35,10.15,23,0,18.56,5,0,0,0
10,Legal,2026-05-25,8.92,18.48,9.56,37,0,12.93,3,0,0,0
10,Legal,2026-05-26,9.06,19.07,10.01,29,0,9.37,5,0,0,0
10,Legal,2026-05-27,9.07,17.39,8.32,26,0,22.19,6,0,0,0
10,Legal,2026-05-28,8.51,18.02,9.52,29,0,13.79,6,0,0,0
10,Legal,2026-05-29,9.09,18.63,9.54,32,0,18.08,5,0,0,0
10,Legal,2026-06-01,9.54,18.54,9.0,26,0,19.17,5,0,0,0
10,Legal,2026-06-02,9.55,19.06,9.51,17,0,19.09,7,0,0,0
10,Legal,2026-06-03,8.71,18.4,9.69,33,0,18.35,5,0,0,0
10,Legal,2026-06-04,8.66,18.38,9.72,32,0,10.96,6,0,0,0
10,Legal,2026-06-05,9.55,19.81,10.26,32,0,21.82,4,0,0,0
10,Legal,2026-06-06,8.79,19.21,10.43,29,1,18.46,7,0,1,0
10,Legal,2026-06-08,9.31,19.29,9.98,31,0,18.97,4,0,0,0
10,Legal,2026-06-09,9.48,17.99,8.5,29,0,15.03,5,0,0,0
10,Legal,2026-06-10,9.39,18.7,9.31,25,0,15.67,6,0,0,0
10,Legal,2026-06-11,8.96,18.94,9.98,23,0,19.06,4,0,0,0
10,Legal,2026-06-12,9.69,19.03,9.34,25,0,9.73,4,0,0,0
10,Legal,2026-06-15,8.28,18.57,10.29,29,0,18.34,5,0,0,0
10,Legal,2026-06-16,8.93,19.0,10.06,28,0,18.69,5,0,0,0
10,Legal,2026-06-17,8.49,18.6,10.11,23,0,12.59,6,0,0,0
10,Legal,2026-06-18,9.63,17.95,8.32,37,0,18.83,4,0,0,0
10,Legal,2026-06-19,9.34,18.67,9.33,25,0,22.04,6,0,0,0
10,Legal,2026-06-22,9.5,19.42,9.92,22,0,20.35,6,0,0,0
10,Legal,2026-06-23,8.81,18.57,9.77,31,0,10.28,3,0,0,0
10,Legal,2026-06-24,9.49,18.24,8.75,28,0,16.71,5,0,0,0
10,Legal,2026-06-25,8.93,18.95,10.02,26,0,13.33,6,0,0,0
10,Legal,2026-06-26,9.68,17.85,8.17,29,0,15.95,4,0,0,0
10,Legal,2026-06-28,9.82,19.18,9.36,25,1,20.58,4,0,1,0
10,Legal,2026-06-29,9.68,18.71,9.03,24,0,15.97,5,0,0,0
10,Legal,2026-06-30,9.54,18.55,9.01,24,1,12.42,5,0,0,0
10,Legal,2026-07-01,8.79,18.6,9.81,31,0,17.72,5,0,0,0
10,Legal,2026-07-02,9.55,19.32,9.76,32,0,22.62,4,0,0,0
10,Legal,2026-07-03,8.86,18.34,9.48,28,0,17.21,5,0,0,0
10,Legal,2026-07-06,9.6,18.57,8.97,32,0,12.51,7,0,0,0
10,Legal,2026-07-07,8.59,18.3,9.71,23,0,21.76,7,0,0,0
10,Legal,2026-07-08,8.7,18.74,10.04,26,0,16.21,5,0,0,0
10,Legal,2026-07-09,9.78,18.35,8.57,36,0,15.52,6,0,0,0
10,Legal,2026-07-10,9.59,18.3,8.71,24,0,15.94,7,0,0,0
10,Legal,2026-07-13,8.66,19.87,11.21,20,0,16.93,3,0,0,0
10,Legal,2026-07-14,7.54,19.19,11.65,28,0,24.16,5,0,0,0
10,Legal,2026-07-15,8.84,20.29,11.45,27,0,11.67,5,0,0,0
10,Legal,2026-07-16,9.27,18.73,9.46,31,0,12.87,5,0,0,0
10,Legal,2026-07-17,8.56,18.55,10.0,23,0,25.6,5,0,0,0
10,Legal,2026-07-20,8.72,18.32,9.6,36,0,12.23,6,0,0,0
10,Legal,2026-07-21,8.49,18.82,10.33,21,0,20.09,6,0,0,0
10,Legal,2026-07-22,9.51,19.22,9.71,29,0,12.47,5,0,0,0
10,Legal,2026-07-23,9.41,19.38,9.98,24,0,14.19,4,0,0,0
10,Legal,2026-07-24,8.72,18.65,9.94,29,0,15.99,6,0,0,0
10,Legal,2026-07-27,8.71,18.78,10.06,20,0,21.01,6,0,0,0
11,Legal,2026-04-29,11.31,17.7,6.39,21,0,6.12,6,0,0,0
11,Legal,2026-04-30,11.27,17.68,6.42,24,1,4.27,5,0,0,0
11,Legal,2026-05-01,10.43,18.48,8.05,26,0,9.38,5,0,0,0
11,Legal,2026-05-04,11.04,17.17,6.14,21,0,0.0,5,0,0,0
11,Legal,2026-05-05,12.0,17.3,5.3,29,0,2.3,5,0,0,0
11,Legal,2026-05-06,11.17,17.93,6.76,17,0,6.62,6,0,0,0
11,Legal,2026-05-07,10.71,15.5,4.78,22,0,7.04,4,0,0,0
11,Legal,2026-05-08,10.59,17.41,6.83,27,1,5.46,5,0,0,0
11,Legal,2026-05-10,10.82,17.03,6.21,23,0,11.22,4,0,1,0
11,Legal,2026-05-11,11.35,16.6,5.24,25,1,2.62,5,0,0,0
11,Legal,2026-05-12,11.53,17.24,5.7,16,0,10.61,6,0,0,0
11,Legal,2026-05-13,11.03,16.77,5.74,25,0,6.57,6,0,0,0
11,Legal,2026-05-14,10.86,15.39,4.53,17,0,7.6,5,0,0,0
11,Legal,2026-05-15,10.18,16.77,6.59,35,0,5.27,5,0,0,0
11,Legal,2026-05-17,11.75,16.83,5.07,19,0,8.43,3,0,1,0
11,Legal,2026-05-18,10.0,17.8,7.8,24,0,6.26,4,0,0,0
11,Legal,2026-05-19,10.62,18.31,7.69,20,0,12.2,4,0,0,0
11,Legal,2026-05-20,11.4,16.21,4.81,25,0,3.27,4,0,0,0
11,Legal,2026-05-21,11.23,17.15,5.92,26,0,9.0,4,0,0,0
11,Legal,2026-05-22,10.94,17.25,6.3,17,0,6.43,5,0,0,0
11,Legal,2026-05-25,10.92,17.96,7.04,28,1,4.97,5,0,0,0
11,Legal,2026-05-26,11.05,18.25,7.2,17,0,4.63,6,0,0,0
11,Legal,2026-05-27,10.7,16.87,6.18,22,0,5.69,4,0,0,0
11,Legal,2026-05-28,11.12,17.71,6.59,21,0,12.1,4,0,0,0
11,Legal,2026-05-29,11.26,15.78,4.52,34,0,6.93,5,0,0,0
11,Legal,2026-05-31,10.68,17.61,6.92,20,0,7.56,4,0,1,0
11,Legal,2026-06-01,10.35,17.31,6.96,13,0,4.35,5,0,0,0
11,Legal,2026-06-02,11.05,18.11,7.06,34,0,11.04,4,0,0,0
11,Legal,2026-06-03,10.52,16.55,6.04,23,0,8.82,5,0,0,0
11,Legal,2026-06-04,10.65,17.11,6.46,24,0,3.29,4,0,0,0
11,Legal,2026-06-05,11.26,17.74,6.47,19,0,7.29,4,0,0,0
11,Legal,2026-06-08,10.68,17.51,6.83,16,0,0.0,4,0,0,0
11,Legal,2026-06-09,11.02,16.34,5.32,16,1,4.92,4,0,0,0
11,Legal,2026-06-10,10.51,17.13,6.62,25,0,10.2,4,0,0,0
11,Legal,2026-06-11,10.89,16.82,5.93,23,2,9.8,5,0,0,0
11,Legal,2026-06-12,10.39,17.48,7.1,27,0,4.98,6,0,0,0
11,Legal,2026-06-15,11.21,17.41,6.21,17,0,8.84,6,0,0,0
11,Legal,2026-06-16,11.25,17.05,5.81,19,0,7.44,4,0,0,0
11,Legal,2026-06-17,10.52,17.33,6.81,20,0,12.63,6,0,0,0
11,Legal,2026-06-18,10.79,17.68,6.89,21,1,11.41,6,0,0,0
11,Legal,2026-06-19,10.32,17.71,7.38,20,0,15.31,6,0,0,0
11,Legal,2026-06-22,11.54,17.11,5.58,24,0,4.66,6,0,0,0
11,Legal,2026-06-23,11.51,17.55,6.04,14,1,6.28,5,0,0,0
11,Legal,2026-06-24,10.86,16.74,5.87,21,2,7.72,5,0,0,0
11,Legal,2026-06-25,10.82,17.98,7.16,18,0,12.6,5,0,0,0
11,Legal,2026-06-26,10.52,16.1,5.59,14,0,0.99,4,0,0,0
11,Legal,2026-06-29,11.59,16.8,5.21,17,1,13.92,6,0,0,0
11,Legal,2026-06-30,11.07,17.15,6.09,36,0,8.99,5,0,0,0
11,Legal,2026-07-01,11.31,16.96,5.65,21,0,7.74,7,0,0,0
11,Legal,2026-07-02,10.21,17.39,7.18,18,0,8.57,3,0,0,0
11,Legal,2026-07-03,10.86,17.8,6.94,15,0,5.24,6,0,0,0
11,Legal,2026-07-04,11.82,17.8,5.97,21,0,5.54,6,0,1,0
11,Legal,2026-07-06,11.09,16.09,5.0,32,1,6.26,4,0,0,0
11,Legal,2026-07-07,10.93,16.4,5.47,33,0,1.55,5,0,0,0
11,Legal,2026-07-08,10.39,17.65,7.26,26,0,9.41,5,0,0,0
11,Legal,2026-07-09,11.38,18.79,7.41,32,0,3.74,4,0,0,0
11,Legal,2026-07-10,11.5,16.85,5.35,22,0,9.8,6,0,0,0
11,Legal,2026-07-13,9.99,17.34,7.36,27,0,5.74,5,0,0,0
11,Legal,2026-07-14,11.17,17.16,5.99,25,0,9.32,5,0,0,0
11,Legal,2026-07-15,10.95,17.1,6.15,20,0,10.68,3,0,0,0
11,Legal,2026-07-16,10.4,17.44,7.04,22,0,6.41,5,0,0,0
11,Legal,2026-07-17,10.43,17.22,6.79,24,0,0.27,6,0,0,0
11,Legal,2026-07-20,11.07,16.32,5.25,22,0,10.31,7,0,0,0
11,Legal,2026-07-21,11.01,17.66,6.64,22,2,3.63,5,0,0,0
11,Legal,2026-07-22,10.88,17.63,6.74,15,0,6.03,4,0,0,0
11,Legal,2026-07-23,11.47,16.68,5.21,17,1,6.76,6,0,0,0
11,Legal,2026-07-24,11.27,17.5,6.23,22,0,6.62,6,0,0,0
11,Legal,2026-07-25,10.49,17.4,6.92,19,0,16.65,5,0,1,0
11,Legal,2026-07-27,11.02,18.36,7.34,18,0,3.55,3,0,0,0
12,Sales,2026-04-29,8.71,17.69,8.98,33,0,12.59,3,0,0,0
12,Sales,2026-04-30,8.86,18.34,9.48,37,0,8.8,3,0,0,0
12,Sales,2026-05-01,9.13,18.51,9.38,37,0,15.88,3,0,0,0
12,Sales,2026-05-04,9.23,17.83,8.6,33,0,8.45,4,0,0,0
12,Sales,2026-05-05,8.96,18.97,10.01,40,1,5.44,2,0,0,0
12,Sales,2026-05-06,9.08,18.23,9.15,28,0,10.7,6,0,0,0
12,Sales,2026-05-07,8.78,17.57,8.8,38,0,1.85,2,0,0,0
12,Sales,2026-05-08,9.57,17.65,8.08,34,0,8.49,2,0,0,0
12,Sales,2026-05-11,8.22,17.14,8.92,36,0,10.21,3,0,0,0
12,Sales,2026-05-12,8.98,17.78,8.8,29,0,8.67,3,0,0,0
12,Sales,2026-05-13,8.41,19.29,10.88,33,0,9.98,3,0,0,0
12,Sales,2026-05-14,9.59,17.72,8.13,29,0,6.76,4,0,0,0
12,Sales,2026-05-15,8.7,17.94,9.24,37,0,13.23,1,0,0,0
12,Sales,2026-05-18,9.48,18.68,9.2,37,0,11.59,3,0,0,0
12,Sales,2026-05-19,9.01,17.95,8.93,34,0,5.35,2,0,0,0
12,Sales,2026-05-20,9.04,18.01,8.97,24,0,8.43,3,0,0,0
12,Sales,2026-05-21,9.17,18.82,9.66,45,0,12.17,3,0,0,0
12,Sales,2026-05-22,8.43,19.58,11.14,38,0,10.87,4,0,0,0
12,Sales,2026-05-23,9.66,18.06,8.41,36,1,15.97,4,0,1,0
12,Sales,2026-05-25,8.77,18.74,9.97,38,0,8.55,4,0,0,0
12,Sales,2026-05-26,8.59,17.84,9.25,29,0,8.14,2,0,0,0
12,Sales,2026-05-27,8.5,17.27,8.77,46,0,11.99,3,0,0,0
12,Sales,2026-05-28,8.49,18.95,10.47,33,0,12.0,4,0,0,0
12,Sales,2026-05-29,8.59,17.45,8.85,40,0,18.61,3,0,0,0
12,Sales,2026-06-01,9.42,17.59,8.17,39,0,1.83,2,0,0,0
12,Sales,2026-06-02,9.2,18.87,9.67,39,0,13.44,4,0,0,0
12,Sales,2026-06-03,9.43,17.94,8.51,39,0,3.25,1,0,0,0
12,Sales,2026-06-04,8.41,19.04,10.63,35,1,12.93,3,0,0,0
12,Sales,2026-06-05,8.76,18.06,9.3,41,0,12.36,2,0,0,0
12,Sales,2026-06-08,8.78,18.83,10.05,33,0,9.06,4,0,0,0
12,Sales,2026-06-09,8.47,18.36,9.9,33,1,9.11,1,0,0,0
12,Sales,2026-06-10,8.76,18.13,9.38,39,0,12.77,3,0,0,0
12,Sales,2026-06-11,8.96,17.67,8.72,36,1,14.68,1,0,0,0
12,Sales,2026-06-12,8.52,17.16,8.64,39,0,11.17,4,0,0,0
12,Sales,2026-06-15,8.48,17.95,9.47,34,0,6.94,3,0,0,0
12,Sales,2026-06-16,8.72,17.8,9.09,35,1,9.14,2,0,0,0
12,Sales,2026-06-17,9.37,17.71,8.34,38,0,10.05,3,0,0,0
12,Sales,2026-06-18,7.77,17.05,9.28,36,0,11.78,3,0,0,0
12,Sales,2026-06-19,9.51,18.37,8.86,32,0,3.73,1,0,0,0
12,Sales,2026-06-22,8.73,18.29,9.56,32,0,9.2,3,0,0,0
12,Sales,2026-06-23,7.66,17.47,9.82,40,0,13.37,2,0,0,0
12,Sales,2026-06-24,8.31,17.59,9.29,36,0,9.52,5,0,0,0
12,Sales,2026-06-25,9.09,18.26,9.17,34,0,12.3,2,0,0,0
12,Sales,2026-06-26,9.71,18.76,9.04,36,1,15.55,1,0,0,0
12,Sales,2026-06-29,8.2,16.94,8.74,33,0,10.8,4,0,0,0
12,Sales,2026-06-30,8.13,18.52,10.39,35,0,2.58,3,0,0,0
12,Sales,2026-07-01,8.27,18.01,9.74,39,0,10.51,3,0,0,0
12,Sales,2026-07-02,8.51,18.8,10.29,34,0,8.04,2,0,0,0
12,Sales,2026-07-03,8.49,18.78,10.29,33,0,12.73,4,0,0,0
12,Sales,2026-07-06,8.84,17.66,8.82,34,0,13.85,3,0,0,0
12,Sales,2026-07-07,8.78,18.64,9.86,41,0,10.07,1,0,0,0
12,Sales,2026-07-08,8.66,17.46,8.8,40,0,12.9,2,0,0,0
12,Sales,2026-07-09,8.84,18.96,10.12,38,0,9.91,2,0,0,0
12,Sales,2026-07-10,8.39,18.0,9.61,31,1,12.87,3,0,0,0
12,Sales,2026-07-11,9.03,17.41,8.38,34,0,10.59,4,0,1,0
12,Sales,2026-07-13,9.37,17.87,8.5,35,0,2.23,3,0,0,0
12,Sales,2026-07-14,8.86,19.2,10.34,41,1,7.82,3,0,0,0
12,Sales,2026-07-15,8.57,17.93,9.36,38,0,9.47,5,0,0,0
12,Sales,2026-07-16,8.78,18.24,9.46,34,0,14.54,4,0,0,0
12,Sales,2026-07-17,9.39,18.27,8.89,39,0,10.69,3,0,0,0
12,Sales,2026-07-19,8.66,18.86,10.2,34,0,18.48,2,0,1,0
12,Sales,2026-07-20,8.94,18.97,10.03,25,0,12.96,3,0,0,0
12,Sales,2026-07-21,8.95,17.42,8.47,34,0,13.52,2,0,0,0
12,Sales,2026-07-22,8.82,17.78,8.96,32,0,10.69,4,0,0,0
12,Sales,2026-07-23,9.19,18.41,9.22,42,0,4.07,3,0,0,0
12,Sales,2026-07-24,8.66,17.84,9.18,42,0,7.17,2,0,0,0
12,Sales,2026-07-27,8.44,17.88,9.44,42,0,10.2,3,0,0,0
13,Finance,2026-04-29,7.8,18.82,11.03,32,0,11.87,4,0,0,0
13,Finance,2026-04-30,7.59,18.41,10.82,17,0,16.32,1,0,0,0
13,Finance,2026-05-01,9.19,18.32,9.13,27,0,20.65,2,0,0,0
13,Finance,2026-05-04,7.63,18.87,11.24,23,0,15.07,3,0,0,0
13,Finance,2026-05-05,8.1,19.09,10.99,24,0,8.33,2,0,0,0
13,Finance,2026-05-06,7.81,19.07,11.27,24,0,15.27,1,0,0,0
13,Finance,2026-05-07,8.29,18.37,10.08,24,0,11.14,1,0,0,0
13,Finance,2026-05-08,7.63,17.45,9.82,20,0,13.28,2,0,0,0
13,Finance,2026-05-11,7.48,18.12,10.64,30,0,9.93,1,0,0,0
13,Finance,2026-05-12,8.71,19.55,10.84,21,0,11.5,2,0,0,0
13,Finance,2026-05-13,8.37,18.42,10.05,19,0,14.15,2,0,0,0
13,Finance,2026-05-14,8.18,18.9,10.72,23,0,12.1,2,0,0,0
13,Finance,2026-05-15,7.96,19.6,11.64,21,0,7.43,1,0,0,0
13,Finance,2026-05-18,8.45,19.68,11.24,29,0,12.88,1,0,0,0
13,Finance,2026-05-19,8.1,18.06,9.96,18,0,11.23,1,0,0,0
13,Finance,2026-05-20,7.65,18.91,11.26,32,0,12.12,3,0,0,0
13,Finance,2026-05-21,8.68,18.84,10.16,21,0,13.12,2,0,0,0
13,Finance,2026-05-22,7.73,19.05,11.32,34,0,8.48,2,0,0,0
13,Finance,2026-05-25,8.39,17.47,9.08,22,0,10.08,3,0,0,0
13,Finance,2026-05-26,8.84,19.19,10.34,23,0,12.84,1,0,0,0
13,Finance,2026-05-27,7.97,18.56,10.59,16,0,18.03,1,0,0,0
13,Finance,2026-05-28,8.09,18.07,9.98,24,0,6.6,3,0,0,0
13,Finance,2026-05-29,7.9,18.19,10.29,27,0,5.59,3,0,0,0
13,Finance,2026-06-01,7.8,20.32,12.52,17,0,12.59,1,0,0,0
13,Finance,2026-06-02,8.18,18.54,10.35,26,0,8.48,2,0,0,0
13,Finance,2026-06-03,7.84,17.73,9.89,30,0,10.52,1,0,0,0
13,Finance,2026-06-04,7.74,17.92,10.17,24,0,19.36,2,0,0,0
13,Finance,2026-06-05,7.92,18.18,10.26,23,0,14.96,1,0,0,0
13,Finance,2026-06-08,8.08,20.04,11.95,21,0,9.42,4,0,0,0
13,Finance,2026-06-09,8.16,18.0,9.84,28,0,14.1,2,0,0,0
13,Finance,2026-06-10,8.28,18.49,10.21,26,0,14.74,1,0,0,0
13,Finance,2026-06-11,7.9,19.66,11.76,20,0,10.1,2,0,0,0
13,Finance,2026-06-12,6.92,17.8,10.89,18,0,11.93,2,0,0,0
13,Finance,2026-06-15,7.83,18.46,10.62,27,0,18.16,1,0,0,0
13,Finance,2026-06-16,8.38,20.48,12.1,25,0,10.98,2,0,0,0
13,Finance,2026-06-17,8.11,18.04,9.93,23,0,7.58,1,0,0,0
13,Finance,2026-06-18,8.29,17.63,9.34,21,0,10.44,3,0,0,0
13,Finance,2026-06-19,8.13,18.93,10.8,19,0,6.89,1,0,0,0
13,Finance,2026-06-22,9.11,17.69,8.58,38,0,15.3,1,0,0,0
13,Finance,2026-06-23,8.27,17.84,9.57,26,0,11.09,1,0,0,0
13,Finance,2026-06-24,8.26,19.13,10.88,17,0,11.96,2,0,0,0
13,Finance,2026-06-25,8.07,19.79,11.72,15,0,12.89,4,0,0,0
13,Finance,2026-06-26,7.99,18.52,10.53,26,0,24.9,2,0,0,0
13,Finance,2026-06-29,8.27,18.48,10.21,22,0,19.79,2,0,0,0
13,Finance,2026-06-30,8.72,18.55,9.83,12,0,16.92,3,0,0,0
13,Finance,2026-07-01,8.23,18.12,9.89,11,0,15.25,2,0,0,0
13,Finance,2026-07-02,7.7,19.73,12.03,27,0,10.12,1,0,0,0
13,Finance,2026-07-03,8.07,18.65,10.58,24,0,17.96,2,0,0,0
13,Finance,2026-07-05,8.45,19.03,10.58,33,0,7.6,1,0,1,0
13,Finance,2026-07-06,8.3,17.91,9.61,16,0,4.02,2,0,0,0
13,Finance,2026-07-07,8.77,17.5,8.73,26,0,13.48,1,0,0,0
13,Finance,2026-07-08,8.43,18.04,9.61,17,0,5.32,1,0,0,0
13,Finance,2026-07-09,7.99,19.27,11.29,17,0,11.17,1,0,0,0
13,Finance,2026-07-10,7.84,18.26,10.43,20,0,9.72,2,0,0,0
13,Finance,2026-07-11,7.67,18.84,11.17,19,0,14.46,4,0,1,0
13,Finance,2026-07-13,7.71,18.82,11.11,12,0,18.08,3,0,0,0
13,Finance,2026-07-14,8.26,17.79,9.53,21,0,3.45,1,0,0,0
13,Finance,2026-07-15,8.01,19.05,11.05,17,0,6.43,3,0,0,0
13,Finance,2026-07-16,8.91,19.24,10.33,21,0,12.66,3,0,0,0
13,Finance,2026-07-17,8.08,17.11,9.03,23,0,16.75,2,0,0,0
13,Finance,2026-07-20,7.57,18.15,10.58,33,0,17.54,2,0,0,0
13,Finance,2026-07-21,8.0,18.09,10.09,28,0,5.02,1,0,0,0
13,Finance,2026-07-22,8.36,18.93,10.57,34,0,15.09,2,0,0,0
13,Finance,2026-07-23,7.24,18.11,10.86,27,0,13.18,2,0,0,0
13,Finance,2026-07-24,7.67,18.28,10.61,28,0,12.92,1,0,0,0
13,Finance,2026-07-27,8.73,17.68,8.94,30,0,21.44,1,0,0,0
14,Legal,2026-04-29,9.72,17.95,8.23,20,0,15.43,4,0,0,0
14,Legal,2026-04-30,9.52,18.82,9.3,14,0,7.48,3,0,0,0
14,Legal,2026-05-01,9.5,18.54,9.05,19,2,11.68,5,0,0,0
14,Legal,2026-05-04,9.84,17.3,7.46,29,1,13.96,3,0,0,0
14,Legal,2026-05-05,9.53,18.71,9.18,22,1,16.2,1,0,0,0
14,Legal,2026-05-06,10.05,17.74,7.69,30,2,15.95,3,0,0,0
14,Legal,2026-05-07,9.3,17.62,8.32,31,1,15.45,4,0,0,0
14,Legal,2026-05-08,10.29,17.39,7.1,24,1,8.51,2,0,0,0
14,Legal,2026-05-11,10.1,17.72,7.62,17,0,12.6,4,0,0,0
14,Legal,2026-05-12,9.66,17.17,7.51,28,1,10.11,3,0,0,0
14,Legal,2026-05-13,10.37,18.41,8.04,18,0,16.62,3,0,0,0
14,Legal,2026-05-14,10.28,18.04,7.77,22,0,20.1,3,0,0,0
14,Legal,2026-05-15,9.88,18.77,8.88,14,0,13.29,3,0,0,0
14,Legal,2026-05-18,9.46,17.82,8.35,23,0,21.31,4,0,0,0
14,Legal,2026-05-19,8.98,18.62,9.64,26,1,22.27,3,0,0,0
14,Legal,2026-05-20,9.88,17.87,8.0,22,0,19.59,4,0,0,0
14,Legal,2026-05-21,9.15,18.57,9.42,24,0,14.83,5,0,0,0
14,Legal,2026-05-22,9.86,18.74,8.88,35,2,15.85,5,0,0,0
14,Legal,2026-05-24,10.12,18.58,8.46,26,0,16.93,3,0,1,0
14,Legal,2026-05-25,10.11,17.22,7.11,23,0,15.27,2,0,0,0
14,Legal,2026-05-26,10.47,18.57,8.09,28,0,19.65,3,0,0,0
14,Legal,2026-05-27,10.43,18.2,7.77,22,0,12.13,2,0,0,0
14,Legal,2026-05-28,9.78,18.04,8.27,26,1,15.05,3,0,0,0
14,Legal,2026-05-29,10.17,18.05,7.87,30,0,23.63,3,0,0,0
14,Legal,2026-06-01,9.46,17.77,8.31,23,0,15.5,2,0,0,0
14,Legal,2026-06-02,9.65,17.0,7.35,16,1,14.88,2,0,0,0
14,Legal,2026-06-03,10.05,17.67,7.62,24,0,16.75,2,0,0,0
14,Legal,2026-06-04,10.1,17.92,7.82,21,1,14.05,5,0,0,0
14,Legal,2026-06-05,9.43,18.83,9.39,30,0,10.17,3,0,0,0
14,Legal,2026-06-08,9.32,18.62,9.3,16,0,8.5,4,0,0,0
14,Legal,2026-06-09,9.54,18.15,8.61,27,0,4.9,3,0,0,0
14,Legal,2026-06-10,10.49,19.45,8.96,20,1,7.73,3,0,0,0
14,Legal,2026-06-11,9.52,17.69,8.18,20,0,16.36,4,0,0,0
14,Legal,2026-06-12,9.74,17.57,7.83,22,0,7.2,1,0,0,0
14,Legal,2026-06-15,10.27,17.9,7.64,31,2,9.92,3,0,0,0
14,Legal,2026-06-16,9.63,17.33,7.7,24,0,12.41,5,0,0,0
14,Legal,2026-06-17,9.35,17.56,8.21,30,1,10.55,3,0,0,0
14,Legal,2026-06-18,10.48,18.04,7.56,28,0,15.01,4,0,0,0
14,Legal,2026-06-19,9.28,17.72,8.43,27,0,6.28,1,0,0,0
14,Legal,2026-06-21,9.09,18.74,9.65,16,0,7.98,5,0,1,0
14,Legal,2026-06-22,10.76,17.43,6.67,30,1,13.21,2,0,0,0
14,Legal,2026-06-23,10.32,18.2,7.88,20,0,8.24,2,0,0,0
14,Legal,2026-06-24,9.67,18.98,9.31,22,0,18.26,3,0,0,0
14,Legal,2026-06-25,9.78,19.25,9.47,25,0,12.15,2,0,0,0
14,Legal,2026-06-26,9.39,17.85,8.46,28,0,12.57,4,0,0,0
14,Legal,2026-06-28,9.45,18.34,8.89,21,1,9.7,2,0,1,0
14,Legal,2026-06-29,10.07,18.45,8.37,25,0,8.56,2,0,0,0
14,Legal,2026-06-30,9.84,17.49,7.65,13,0,17.83,4,0,0,0
14,Legal,2026-07-01,9.15,17.52,8.37,20,1,12.83,3,0,0,0
14,Legal,2026-07-02,9.52,18.21,8.68,22,1,17.34,3,0,0,0
14,Legal,2026-07-03,10.19,18.07,7.87,17,0,13.15,3,0,0,0
14,Legal,2026-07-06,9.3,18.38,9.07,22,0,17.1,3,0,0,0
14,Legal,2026-07-07,9.92,18.67,8.76,27,0,16.12,2,0,0,0
14,Legal,2026-07-08,9.66,17.25,7.59,25,0,16.12,4,0,0,0
14,Legal,2026-07-09,10.04,17.41,7.37,25,0,10.57,3,0,0,0
14,Legal,2026-07-10,9.39,17.71,8.33,26,0,13.07,4,0,0,0
14,Legal,2026-07-11,10.39,18.2,7.81,26,0,10.22,4,0,1,0
14,Legal,2026-07-13,10.86,17.65,6.79,25,1,9.11,2,0,0,0
14,Legal,2026-07-14,10.93,18.12,7.19,27,2,11.49,2,0,0,0
14,Legal,2026-07-15,9.56,18.49,8.93,29,0,13.9,2,0,0,0
14,Legal,2026-07-16,10.18,18.23,8.05,21,0,16.22,3,0,0,0
14,Legal,2026-07-17,9.89,18.1,8.2,17,1,13.01,3,0,0,0
14,Legal,2026-07-20,9.74,17.86,8.12,28,0,13.0,1,0,0,0
14,Legal,2026-07-21,10.87,18.62,7.75,22,0,12.09,5,0,0,0
14,Legal,2026-07-22,9.05,16.93,7.88,15,1,11.41,4,0,0,0
14,Legal,2026-07-23,10.52,19.2,8.68,21,0,4.25,3,0,0,0
14,Legal,2026-07-24,9.59,18.31,8.72,19,2,12.77,4,0,0,0
14,Legal,2026-07-27,10.28,18.17,7.89,32,2,7.71,2,0,0,0
15,Legal,2026-04-29,8.7,18.15,9.45,18,1,2.06,4,0,0,0
15,Legal,2026-04-30,8.14,17.33,9.19,5,1,9.46,3,0,0,0
15,Legal,2026-05-01,3.0,5.87,2.87,162,1,8.42,5,1,0,1
15,Legal,2026-05-04,8.94,17.38,8.44,15,2,5.82,4,0,0,0
15,Legal,2026-05-05,7.84,18.53,10.7,16,1,7.51,6,0,0,0
15,Legal,2026-05-06,8.55,17.99,9.44,10,1,7.56,4,0,0,0
15,Legal,2026-05-07,7.74,16.84,9.1,15,1,7.12,5,0,0,0
15,Legal,2026-05-08,8.74,18.22,9.48,7,0,11.56,4,0,0,0
15,Legal,2026-05-09,8.48,17.65,9.17,43,1,188.39,5,0,1,1
15,Legal,2026-05-11,7.76,17.71,9.96,8,0,3.6,5,0,0,0
15,Legal,2026-05-12,8.09,17.24,9.15,8,2,15.71,5,0,0,0
15,Legal,2026-05-13,2.0,3.22,1.22,122,1,8.42,5,1,0,1
15,Legal,2026-05-14,8.79,17.59,8.8,19,5,8.06,5,0,0,0
15,Legal,2026-05-15,8.15,17.83,9.68,15,1,5.34,3,0,0,0
15,Legal,2026-05-18,7.47,17.83,10.36,13,0,4.54,6,0,0,0
15,Legal,2026-05-19,7.84,18.79,10.95,12,1,7.98,4,0,0,0
15,Legal,2026-05-20,8.79,18.18,9.38,11,1,5.38,4,0,0,0
15,Legal,2026-05-21,8.38,17.64,9.26,7,2,12.0,3,0,0,0
15,Legal,2026-05-22,9.15,17.59,8.44,8,2,8.36,3,0,0,0
15,Legal,2026-05-23,8.68,18.15,9.47,17,1,9.56,5,0,1,0
15,Legal,2026-05-25,8.41,17.7,9.3,20,3,8.73,5,0,0,0
15,Legal,2026-05-26,8.28,17.35,9.07,12,4,8.62,5,0,0,0
15,Legal,2026-05-27,8.39,18.04,9.65,11,2,4.21,6,0,0,0
15,Legal,2026-05-28,8.99,17.48,8.49,8,0,0.45,6,0,0,0
15,Legal,2026-05-29,8.23,17.05,8.82,21,0,15.98,5,0,0,0
15,Legal,2026-06-01,8.44,17.6,9.16,19,3,12.34,6,0,0,0
15,Legal,2026-06-02,8.4,18.31,9.91,14,2,5.51,3,0,0,0
15,Legal,2026-06-03,8.34,16.9,8.56,14,1,5.67,5,0,0,0
15,Legal,2026-06-04,9.42,18.06,8.64,9,4,12.53,3,0,0,0
15,Legal,2026-06-05,8.99,17.34,8.36,20,1,6.78,6,0,0,0
15,Legal,2026-06-07,8.48,17.59,9.11,18,2,11.48,5,0,1,0
15,Legal,2026-06-08,8.13,19.0,10.87,12,2,12.08,4,0,0,0
15,Legal,2026-06-09,0.0,0.55,0.55,14,1,8.42,5,1,0,1
15,Legal,2026-06-10,7.13,17.59,10.46,11,2,4.22,3,0,0,0
15,Legal,2026-06-11,8.63,17.0,8.37,10,0,9.51,5,0,0,0
15,Legal,2026-06-12,8.08,18.03,9.95,12,3,10.32,5,0,0,0
15,Legal,2026-06-15,8.55,18.21,9.67,20,2,7.51,2,0,0,0
15,Legal,2026-06-16,7.6,17.18,9.58,14,2,8.69,4,0,0,0
15,Legal,2026-06-17,7.56,18.92,11.36,19,4,9.58,5,0,0,0
15,Legal,2026-06-18,8.42,18.25,9.83,13,1,4.0,4,0,0,0
15,Legal,2026-06-19,8.26,18.01,9.75,20,0,16.11,4,0,0,0
15,Legal,2026-06-22,7.76,16.63,8.87,8,0,9.43,5,0,0,0
15,Legal,2026-06-23,9.1,16.62,7.53,19,3,6.14,4,0,0,0
15,Legal,2026-06-24,8.49,17.74,9.25,7,0,4.75,4,0,0,0
15,Legal,2026-06-25,9.38,18.26,8.89,17,0,8.33,4,0,0,0
15,Legal,2026-06-26,7.84,17.51,9.67,11,1,4.92,6,0,0,0
15,Legal,2026-06-29,7.84,17.87,10.03,12,2,10.19,4,0,0,0
15,Legal,2026-06-30,7.86,16.62,8.77,14,3,8.01,4,0,0,0
15,Legal,2026-07-01,8.58,17.41,8.83,9,1,11.95,5,0,0,0
15,Legal,2026-07-02,9.59,17.75,8.16,15,3,8.58,4,0,0,0
15,Legal,2026-07-03,7.68,17.88,10.21,13,3,8.45,5,0,0,0
15,Legal,2026-07-06,8.38,19.43,11.06,16,1,7.59,6,0,0,0
15,Legal,2026-07-07,8.82,17.04,8.22,14,1,7.51,5,0,0,0
15,Legal,2026-07-08,8.71,17.64,8.93,14,0,8.54,5,0,0,0
15,Legal,2026-07-09,7.72,19.2,11.48,14,0,11.73,4,0,0,0
15,Legal,2026-07-10,9.28,17.1,7.82,23,1,4.36,4,0,0,0
15,Legal,2026-07-11,8.49,17.29,8.8,13,2,13.42,3,0,1,0
15,Legal,2026-07-13,7.94,18.04,10.11,15,4,17.49,6,0,0,0
15,Legal,2026-07-14,9.0,18.55,9.55,20,0,4.88,6,0,0,0
15,Legal,2026-07-15,8.5,18.48,9.98,0,0,4.29,3,0,0,0
15,Legal,2026-07-16,8.18,17.08,8.89,10,1,13.88,5,0,0,0
15,Legal,2026-07-17,8.57,17.87,9.3,10,2,10.93,4,0,0,0
15,Legal,2026-07-19,7.83,17.28,9.44,18,0,5.61,5,0,1,0
15,Legal,2026-07-20,2.0,4.08,2.08,166,1,8.42,5,1,0,1
15,Legal,2026-07-21,8.2,17.64,9.44,23,1,9.69,6,0,0,0
15,Legal,2026-07-22,8.1,17.3,9.2,19,0,1.96,2,0,0,0
15,Legal,2026-07-23,8.48,17.65,9.17,31,12,8.42,5,0,0,1
15,Legal,2026-07-24,8.69,17.22,8.52,4,0,3.14,4,0,0,0
15,Legal,2026-07-27,8.49,18.17,9.69,16,2,7.42,4,0,0,0
16,HR,2026-04-29,9.68,16.4,6.71,23,1,9.75,2,0,0,0
16,HR,2026-04-30,8.2,16.2,8.01,16,1,18.93,1,0,0,0
16,HR,2026-05-01,8.62,15.62,7.0,13,0,9.88,2,0,0,0
16,HR,2026-05-03,10.03,18.18,8.15,17,1,19.36,2,0,1,0
16,HR,2026-05-04,9.38,16.38,7.0,18,0,17.04,1,0,0,0
16,HR,2026-05-05,9.11,16.47,7.36,27,0,22.54,3,0,0,0
16,HR,2026-05-06,9.8,16.6,6.8,19,0,18.9,1,0,0,0
16,HR,2026-05-07,9.98,17.75,7.76,21,0,13.78,1,0,0,0
16,HR,2026-05-08,8.5,16.25,7.75,10,0,23.25,2,0,0,0
16,HR,2026-05-11,8.84,15.94,7.1,23,0,17.96,1,0,0,0
16,HR,2026-05-12,9.13,16.82,7.7,21,0,7.78,1,0,0,0
16,HR,2026-05-13,9.39,16.62,7.22,17,1,20.72,3,0,0,0
16,HR,2026-05-14,9.56,17.84,8.27,19,0,16.19,1,0,0,0
16,HR,2026-05-15,8.7,17.36,8.66,17,0,18.81,4,0,0,0
16,HR,2026-05-16,9.7,16.82,7.13,19,1,10.38,1,0,1,0
16,HR,2026-05-18,8.86,17.21,8.35,25,1,13.92,2,0,0,0
16,HR,2026-05-19,8.93,15.43,6.49,22,1,13.67,2,0,0,0
16,HR,2026-05-20,9.36,15.61,6.25,20,1,7.25,2,0,0,0
16,HR,2026-05-21,9.69,15.76,6.08,19,1,19.12,1,0,0,0
16,HR,2026-05-22,9.68,16.6,6.92,16,1,16.83,3,0,0,0
16,HR,2026-05-23,9.25,16.02,6.77,15,0,14.07,1,0,1,0
16,HR,2026-05-25,9.43,15.76,6.33,23,2,13.85,2,0,0,0
16,HR,2026-05-26,8.66,17.47,8.81,9,0,17.03,1,0,0,0
16,HR,2026-05-27,8.08,16.67,8.59,8,0,21.97,2,0,0,0
16,HR,2026-05-28,10.13,16.0,5.87,11,1,10.78,1,0,0,0
16,HR,2026-05-29,9.44,16.16,6.73,16,0,14.01,1,0,0,0
16,HR,2026-05-30,8.5,17.11,8.61,17,0,19.24,1,0,1,0
16,HR,2026-06-01,9.31,15.46,6.16,12,1,14.2,3,0,0,0
16,HR,2026-06-02,8.85,16.77,7.93,19,0,17.67,1,0,0,0
16,HR,2026-06-03,8.71,16.3,7.59,17,0,17.21,2,0,0,0
16,HR,2026-06-04,9.8,16.63,6.83,14,0,15.12,2,0,0,0
16,HR,2026-06-05,9.18,16.35,7.17,20,0,16.53,2,0,0,0
16,HR,2026-06-08,8.3,16.44,8.14,14,0,14.91,2,0,0,0
16,HR,2026-06-09,9.37,16.94,7.57,4,0,18.2,2,0,0,0
16,HR,2026-06-10,9.52,17.14,7.62,14,0,10.48,3,0,0,0
16,HR,2026-06-11,8.74,16.07,7.33,15,0,10.13,3,0,0,0
16,HR,2026-06-12,9.12,16.12,7.0,18,1,22.48,3,0,0,0
16,HR,2026-06-15,8.18,16.16,7.98,19,0,16.15,1,0,0,0
16,HR,2026-06-16,9.49,16.03,6.53,17,1,17.64,1,0,0,0
16,HR,2026-06-17,8.12,16.68,8.56,17,3,17.88,2,0,0,0
16,HR,2026-06-18,9.35,16.52,7.17,26,2,8.97,2,0,0,0
16,HR,2026-06-19,9.97,17.11,7.14,13,1,14.03,1,0,0,0
16,HR,2026-06-22,10.0,16.64,6.64,8,0,10.54,3,0,0,0
16,HR,2026-06-23,7.99,16.46,8.47,33,0,9.75,1,0,0,0
16,HR,2026-06-24,9.95,17.23,7.28,21,2,14.11,1,0,0,0
16,HR,2026-06-25,9.27,16.02,6.76,12,0,14.14,1,0,0,0
16,HR,2026-06-26,8.82,16.17,7.35,18,0,20.4,1,0,0,0
16,HR,2026-06-27,8.39,17.3,8.91,22,2,17.77,3,0,1,0
16,HR,2026-06-29,10.18,15.86,5.68,21,0,14.72,3,0,0,0
16,HR,2026-06-30,9.13,16.82,7.68,24,2,13.59,1,0,0,0
16,HR,2026-07-01,9.35,15.38,6.04,21,0,24.59,2,0,0,0
16,HR,2026-07-02,9.02,17.45,8.43,13,0,21.64,1,0,0,0
16,HR,2026-07-03,9.09,16.57,7.48,17,1,11.1,3,0,0,0
16,HR,2026-07-06,9.67,16.57,6.91,21,0,12.39,1,0,0,0
16,HR,2026-07-07,9.19,16.33,7.14,13,1,10.65,1,0,0,0
16,HR,2026-07-08,8.87,16.31,7.44,19,0,22.81,2,0,0,0
16,HR,2026-07-09,9.7,16.88,7.18,17,0,14.51,1,0,0,0
16,HR,2026-07-10,8.75,16.72,7.97,7,1,11.18,3,0,0,0
16,HR,2026-07-13,9.45,16.51,7.07,15,2,15.87,1,0,0,0
16,HR,2026-07-14,9.74,16.62,6.89,9,1,17.37,2,0,0,0
16,HR,2026-07-15,8.99,16.31,7.31,23,1,14.82,1,0,0,0
16,HR,2026-07-16,8.83,16.14,7.31,20,0,11.6,1,0,0,0
16,HR,2026-07-17,8.68,17.44,8.76,12,1,15.39,3,0,0,0
16,HR,2026-07-20,9.56,15.87,6.31,27,0,12.42,1,0,0,0
16,HR,2026-07-21,9.43,17.15,7.72,15,1,20.98,2,0,0,0
16,HR,2026-07-22,8.52,17.77,9.26,15,1,16.39,2,0,0,0
16,HR,2026-07-23,9.55,16.38,6.83,20,0,16.72,2,0,0,0
16,HR,2026-07-24,9.55,17.35,7.81,17,0,12.41,1,0,0,0
16,HR,2026-07-27,9.41,16.94,7.53,24,0,16.52,1,0,0,0
17,Engineering,2026-04-29,8.64,17.48,8.83,43,0,15.53,7,0,0,0
17,Engineering,2026-04-30,7.8,18.65,10.85,40,0,17.42,6,0,0,0
17,Engineering,2026-05-01,8.93,19.31,10.38,26,0,20.16,5,0,0,0
17,Engineering,2026-05-03,8.72,17.79,9.07,32,0,16.99,5,0,1,0
17,Engineering,2026-05-04,9.25,16.86,7.62,37,0,15.72,5,0,0,0
17,Engineering,2026-05-05,8.84,17.01,8.17,35,0,11.34,6,0,0,0
17,Engineering,2026-05-06,8.27,17.67,9.4,36,0,13.94,6,0,0,0
17,Engineering,2026-05-07,7.98,18.32,10.34,43,0,28.2,6,0,0,0
17,Engineering,2026-05-08,9.13,16.87,7.74,42,0,20.13,5,0,0,0
17,Engineering,2026-05-11,8.51,18.23,9.72,29,0,21.11,5,0,0,0
17,Engineering,2026-05-12,8.21,17.4,9.19,38,0,14.56,5,0,0,0
17,Engineering,2026-05-13,8.43,17.92,9.49,28,0,12.42,8,0,0,0
17,Engineering,2026-05-14,8.3,17.75,9.44,33,0,15.34,6,0,0,0
17,Engineering,2026-05-15,9.21,17.76,8.55,28,0,22.13,6,0,0,0
17,Engineering,2026-05-18,9.6,16.59,6.99,35,0,24.7,6,0,0,0
17,Engineering,2026-05-19,8.62,18.12,9.5,32,0,15.78,6,0,0,0
17,Engineering,2026-05-20,8.42,18.68,10.26,37,0,18.03,7,0,0,0
17,Engineering,2026-05-21,8.6,17.48,8.87,31,0,17.04,5,0,0,0
17,Engineering,2026-05-22,8.48,17.63,9.15,45,0,5.93,6,0,0,0
17,Engineering,2026-05-25,9.6,18.01,8.42,38,0,17.43,5,0,0,0
17,Engineering,2026-05-26,7.61,18.06,10.45,31,0,13.83,5,0,0,0
17,Engineering,2026-05-27,9.61,19.38,9.78,35,0,15.17,5,0,0,0
17,Engineering,2026-05-28,8.97,19.01,10.04,33,0,7.51,7,0,0,0
17,Engineering,2026-05-29,9.23,16.99,7.76,35,0,18.83,6,0,0,0
17,Engineering,2026-05-31,8.34,18.55,10.21,32,0,11.09,4,0,1,0
17,Engineering,2026-06-01,9.37,18.31,8.95,35,0,15.27,5,0,0,0
17,Engineering,2026-06-02,8.2,17.68,9.49,24,0,14.08,6,0,0,0
17,Engineering,2026-06-03,9.04,17.92,8.88,38,0,22.42,7,0,0,0
17,Engineering,2026-06-04,8.97,17.95,8.98,29,0,19.99,8,0,0,0
17,Engineering,2026-06-05,8.91,19.09,10.19,27,0,12.41,7,0,0,0
17,Engineering,2026-06-08,8.87,17.42,8.55,33,0,10.9,5,0,0,0
17,Engineering,2026-06-09,9.22,18.46,9.24,36,0,10.14,6,0,0,0
17,Engineering,2026-06-10,8.12,18.65,10.52,31,0,12.69,6,0,0,0
17,Engineering,2026-06-11,8.41,18.83,10.42,31,0,11.43,4,0,0,0
17,Engineering,2026-06-12,8.72,17.6,8.88,27,0,21.79,7,0,0,0
17,Engineering,2026-06-15,9.07,17.45,8.38,29,0,20.3,6,0,0,0
17,Engineering,2026-06-16,8.82,17.43,8.61,37,0,14.01,6,0,0,0
17,Engineering,2026-06-17,9.46,17.54,8.09,27,0,12.82,7,0,0,0
17,Engineering,2026-06-18,8.86,17.86,9.0,32,0,18.97,5,0,0,0
17,Engineering,2026-06-19,8.89,17.5,8.61,30,0,14.48,5,0,0,0
17,Engineering,2026-06-22,8.71,17.46,8.75,32,0,23.05,5,0,0,0
17,Engineering,2026-06-23,8.82,18.84,10.02,28,0,18.6,5,0,0,0
17,Engineering,2026-06-24,8.48,17.46,8.98,31,0,27.92,7,0,0,0
17,Engineering,2026-06-25,9.29,18.24,8.95,26,0,18.61,7,0,0,0
17,Engineering,2026-06-26,8.31,18.52,10.21,38,0,24.44,5,0,0,0
17,Engineering,2026-06-29,9.45,16.84,7.39,24,0,17.39,5,0,0,0
17,Engineering,2026-06-30,8.74,18.51,9.77,32,0,9.54,8,0,0,0
17,Engineering,2026-07-01,8.24,17.31,9.07,40,0,15.49,6,0,0,0
17,Engineering,2026-07-02,8.98,18.59,9.61,33,0,23.11,4,0,0,0
17,Engineering,2026-07-03,9.11,17.44,8.32,41,0,17.6,5,0,0,0
17,Engineering,2026-07-06,9.07,17.32,8.26,32,0,17.01,6,0,0,0
17,Engineering,2026-07-07,9.11,16.73,7.62,36,0,15.87,5,0,0,0
17,Engineering,2026-07-08,8.36,17.81,9.45,16,0,14.22,5,0,0,0
17,Engineering,2026-07-09,9.0,17.46,8.46,33,0,23.2,7,0,0,0
17,Engineering,2026-07-10,9.19,17.64,8.46,37,0,16.09,6,0,0,0
17,Engineering,2026-07-11,8.63,18.93,10.3,38,0,20.26,7,0,1,0
17,Engineering,2026-07-12,9.19,18.56,9.37,27,0,18.81,7,0,1,0
17,Engineering,2026-07-13,9.18,17.27,8.09,31,0,21.01,5,0,0,0
17,Engineering,2026-07-14,8.59,18.89,10.3,34,0,14.12,5,0,0,0
17,Engineering,2026-07-15,8.9,17.14,8.24,33,0,18.36,7,0,0,0
17,Engineering,2026-07-16,9.07,17.51,8.44,40,0,15.83,5,0,0,0
17,Engineering,2026-07-17,8.65,18.8,10.16,35,0,17.08,8,0,0,0
17,Engineering,2026-07-20,8.02,18.16,10.15,35,0,23.2,6,0,0,0
17,Engineering,2026-07-21,8.53,17.94,9.41,35,0,10.34,9,0,0,0
17,Engineering,2026-07-22,8.99,18.07,9.07,37,0,19.87,6,0,0,0
17,Engineering,2026-07-23,8.42,18.3,9.88,36,0,13.79,7,0,0,0
17,Engineering,2026-07-24,8.88,18.38,9.5,41,0,17.12,6,0,0,0
17,Engineering,2026-07-25,8.47,18.36,9.89,38,0,23.56,4,0,1,0
17,Engineering,2026-07-27,8.42,18.73,10.31,38,0,12.92,6,0,0,0
18,Finance,2026-04-29,10.42,18.51,8.09,44,0,16.52,1,0,0,0
18,Finance,2026-04-30,10.55,19.02,8.46,26,0,27.58,1,0,0,0
18,Finance,2026-05-01,9.57,17.96,8.39,29,0,27.48,4,0,0,0
18,Finance,2026-05-03,9.71,19.17,9.46,32,0,23.87,1,0,1,0
18,Finance,2026-05-04,9.22,18.26,9.03,31,0,28.19,2,0,0,0
18,Finance,2026-05-05,10.17,18.2,8.03,27,0,20.08,1,0,0,0
18,Finance,2026-05-06,9.29,18.64,9.35,30,0,21.2,1,0,0,0
18,Finance,2026-05-07,10.43,17.34,6.91,36,0,24.04,1,0,0,0
18,Finance,2026-05-08,9.74,18.62,8.87,28,0,19.83,3,0,0,0
18,Finance,2026-05-09,10.15,19.1,8.95,37,0,19.35,1,0,1,0
18,Finance,2026-05-11,9.59,18.97,9.38,34,0,22.34,1,0,0,0
18,Finance,2026-05-12,10.78,17.52,6.74,28,0,29.79,3,0,0,0
18,Finance,2026-05-13,9.24,18.57,9.33,28,0,22.11,3,0,0,0
18,Finance,2026-05-14,9.87,17.77,7.9,36,0,18.59,1,0,0,0
18,Finance,2026-05-15,8.26,18.85,10.59,41,0,24.01,1,0,0,0
18,Finance,2026-05-18,9.43,18.98,9.55,37,0,29.52,4,0,0,0
18,Finance,2026-05-19,11.12,17.99,6.87,45,0,22.0,2,0,0,0
18,Finance,2026-05-20,9.45,18.47,9.02,27,0,28.56,2,0,0,0
18,Finance,2026-05-21,9.76,18.81,9.06,37,0,16.8,1,0,0,0
18,Finance,2026-05-22,10.0,18.4,8.4,37,0,28.74,2,0,0,0
18,Finance,2026-05-23,9.62,18.87,9.25,28,0,18.36,2,0,1,0
18,Finance,2026-05-25,9.1,19.28,10.18,34,0,24.76,2,0,0,0
18,Finance,2026-05-26,9.58,18.85,9.27,29,0,23.43,1,0,0,0
18,Finance,2026-05-27,9.57,18.08,8.51,28,0,20.66,2,0,0,0
18,Finance,2026-05-28,10.34,19.23,8.89,25,0,28.57,2,0,0,0
18,Finance,2026-05-29,8.81,18.3,9.48,28,0,25.85,3,0,0,0
18,Finance,2026-05-31,9.6,19.34,9.74,30,0,26.82,1,0,1,0
18,Finance,2026-06-01,9.1,18.62,9.52,38,0,17.64,2,0,0,0
18,Finance,2026-06-02,9.89,17.96,8.07,36,0,26.64,2,0,0,0
18,Finance,2026-06-03,10.26,18.01,7.75,28,0,28.82,4,0,0,0
18,Finance,2026-06-04,9.67,19.82,10.16,31,0,21.89,3,0,0,0
18,Finance,2026-06-05,9.44,18.1,8.66,27,0,27.54,1,0,0,0
18,Finance,2026-06-08,10.48,18.91,8.43,28,0,21.37,2,0,0,0
18,Finance,2026-06-09,9.71,19.28,9.58,26,0,23.76,1,0,0,0
18,Finance,2026-06-10,9.22,18.22,9.0,30,0,30.97,1,0,0,0
18,Finance,2026-06-11,9.8,18.8,9.01,29,0,28.25,2,0,0,0
18,Finance,2026-06-12,10.51,19.07,8.57,27,0,32.26,3,0,0,0
18,Finance,2026-06-14,10.65,19.01,8.36,31,0,28.53,2,0,1,0
18,Finance,2026-06-15,9.74,19.43,9.69,29,0,27.54,1,0,0,0
18,Finance,2026-06-16,9.21,17.66,8.45,29,0,31.9,3,0,0,0
18,Finance,2026-06-17,8.49,18.19,9.69,22,0,19.61,3,0,0,0
18,Finance,2026-06-18,8.28,18.55,10.27,25,0,21.76,3,0,0,0
18,Finance,2026-06-19,10.39,19.0,8.61,29,0,31.36,3,0,0,0
18,Finance,2026-06-22,9.03,18.49,9.46,31,0,17.65,3,0,0,0
18,Finance,2026-06-23,10.16,19.0,8.84,28,0,20.59,1,0,0,0
18,Finance,2026-06-24,9.24,17.98,8.74,28,0,21.26,2,0,0,0
18,Finance,2026-06-25,9.73,18.35,8.63,32,0,19.45,2,0,0,0
18,Finance,2026-06-26,10.32,18.79,8.47,21,0,28.07,3,0,0,0
18,Finance,2026-06-29,9.7,18.31,8.61,36,0,26.12,2,0,0,0
18,Finance,2026-06-30,8.83,19.04,10.22,29,0,24.85,3,0,0,0
18,Finance,2026-07-01,9.34,19.21,9.87,28,0,26.53,2,0,0,0
18,Finance,2026-07-02,8.94,17.84,8.9,26,0,25.18,1,0,0,0
18,Finance,2026-07-03,9.16,19.03,9.87,30,0,21.46,2,0,0,0
18,Finance,2026-07-06,9.6,18.68,9.08,28,0,25.16,2,0,0,0
18,Finance,2026-07-07,8.49,18.12,9.63,28,0,15.92,2,0,0,0
18,Finance,2026-07-08,9.66,19.92,10.26,29,0,19.56,1,0,0,0
18,Finance,2026-07-09,8.81,17.76,8.96,26,0,22.78,2,0,0,0
18,Finance,2026-07-10,9.11,18.42,9.31,41,1,21.72,2,0,0,0
18,Finance,2026-07-13,9.58,18.63,9.05,33,0,24.45,2,0,0,0
18,Finance,2026-07-14,9.98,18.7,8.72,40,0,26.33,1,0,0,0
18,Finance,2026-07-15,9.8,17.72,7.92,28,0,17.49,3,0,0,0
18,Finance,2026-07-16,9.67,18.9,9.23,39,0,19.9,2,0,0,0
18,Finance,2026-07-17,9.34,19.0,9.66,22,0,19.4,2,0,0,0
18,Finance,2026-07-18,9.17,18.86,9.69,32,0,26.58,2,0,1,0
18,Finance,2026-07-20,11.03,18.27,7.25,28,0,24.7,1,0,0,0
18,Finance,2026-07-21,9.63,18.2,8.57,37,0,26.92,2,0,0,0
18,Finance,2026-07-22,10.27,18.26,8.0,37,0,16.76,3,0,0,0
18,Finance,2026-07-23,9.56,16.58,7.02,32,1,23.63,1,0,0,0
18,Finance,2026-07-24,9.96,18.91,8.94,34,0,27.2,2,0,0,0
18,Finance,2026-07-27,9.56,19.78,10.23,34,0,32.24,2,0,0,0
19,Legal,2026-04-29,7.81,18.47,10.66,18,0,23.4,3,0,0,0
19,Legal,2026-04-30,9.38,18.77,9.39,28,0,29.09,4,0,0,0
19,Legal,2026-05-01,9.34,17.14,7.8,18,0,27.56,2,0,0,0
19,Legal,2026-05-04,9.86,18.39,8.53,18,1,25.58,4,0,0,0
19,Legal,2026-05-05,9.85,17.32,7.48,25,0,26.36,4,0,0,0
19,Legal,2026-05-06,8.81,16.5,7.69,18,1,30.26,3,0,0,0
19,Legal,2026-05-07,10.54,17.15,6.61,22,2,26.56,2,0,0,0
19,Legal,2026-05-08,9.6,17.64,8.04,21,0,40.11,4,0,0,0
19,Legal,2026-05-11,9.53,17.09,7.57,12,1,22.5,5,0,0,0
19,Legal,2026-05-12,9.85,17.53,7.69,22,1,25.85,4,0,0,0
19,Legal,2026-05-13,8.62,17.61,8.99,25,1,22.33,2,0,0,0
19,Legal,2026-05-14,10.26,17.41,7.15,19,0,27.04,2,0,0,0
19,Legal,2026-05-15,8.91,18.17,9.26,26,0,24.08,4,0,0,0
19,Legal,2026-05-18,8.26,17.82,9.56,16,0,34.6,3,0,0,0
19,Legal,2026-05-19,10.92,17.66,6.73,29,1,27.83,4,0,0,0
19,Legal,2026-05-20,9.92,16.56,6.64,13,1,27.12,3,0,0,0
19,Legal,2026-05-21,8.81,17.26,8.45,22,0,23.18,4,0,0,0
19,Legal,2026-05-22,9.31,18.25,8.94,25,1,23.3,3,0,0,0
19,Legal,2026-05-25,10.63,18.71,8.08,21,0,33.25,3,0,0,0
19,Legal,2026-05-26,10.13,18.2,8.07,23,0,27.2,4,0,0,0
19,Legal,2026-05-27,10.25,17.96,7.71,16,4,21.19,3,0,0,0
19,Legal,2026-05-28,10.34,17.72,7.38,22,0,18.64,4,0,0,0
19,Legal,2026-05-29,9.54,17.92,8.37,24,0,31.74,4,0,0,0
19,Legal,2026-06-01,9.52,17.25,7.73,22,0,24.35,3,0,0,0
19,Legal,2026-06-02,10.06,17.88,7.82,14,0,24.86,4,0,0,0
19,Legal,2026-06-03,10.01,17.79,7.78,26,1,21.94,2,0,0,0
19,Legal,2026-06-04,10.12,17.74,7.62,19,0,22.34,4,0,0,0
19,Legal,2026-06-05,9.85,17.79,7.94,22,1,27.1,2,0,0,0
19,Legal,2026-06-08,9.44,16.98,7.54,23,0,26.13,4,0,0,0
19,Legal,2026-06-09,10.14,18.02,7.88,13,1,28.38,4,0,0,0
19,Legal,2026-06-10,9.9,17.91,8.02,11,1,31.22,1,0,0,0
19,Legal,2026-06-11,10.56,17.03,6.47,34,0,26.02,5,0,0,0
19,Legal,2026-06-12,9.2,17.88,8.68,18,1,27.78,3,0,0,0
19,Legal,2026-06-13,9.48,18.0,8.52,23,0,24.21,3,0,1,0
19,Legal,2026-06-15,9.51,18.72,9.21,19,0,19.26,3,0,0,0
19,Legal,2026-06-16,10.1,17.55,7.45,22,1,27.23,4,0,0,0
19,Legal,2026-06-17,9.72,18.03,8.31,17,0,32.2,2,0,0,0
19,Legal,2026-06-18,9.63,18.79,9.16,27,0,23.46,4,0,0,0
19,Legal,2026-06-19,8.85,18.0,9.15,17,0,24.1,4,0,0,0
19,Legal,2026-06-22,9.17,17.93,8.76,24,0,23.6,1,0,0,0
19,Legal,2026-06-23,9.96,17.06,7.1,26,1,25.08,2,0,0,0
19,Legal,2026-06-24,9.45,17.68,8.23,29,0,24.74,3,0,0,0
19,Legal,2026-06-25,9.38,18.16,8.78,8,0,32.32,3,0,0,0
19,Legal,2026-06-26,9.71,18.87,9.16,14,0,22.72,4,0,0,0
19,Legal,2026-06-29,9.34,18.45,9.11,20,0,26.79,3,0,0,0
19,Legal,2026-06-30,10.1,18.05,7.95,27,0,25.55,1,0,0,0
19,Legal,2026-07-01,9.39,19.19,9.8,18,0,33.69,5,0,0,0
19,Legal,2026-07-02,9.31,17.37,8.06,24,1,27.55,4,0,0,0
19,Legal,2026-07-03,9.51,17.87,8.35,16,1,31.76,3,0,0,0
19,Legal,2026-07-06,9.83,16.68,6.85,16,1,30.64,3,0,0,0
19,Legal,2026-07-07,9.29,16.86,7.57,23,0,32.14,3,0,0,0
19,Legal,2026-07-08,9.89,18.04,8.15,25,0,27.93,4,0,0,0
19,Legal,2026-07-09,9.57,16.91,7.34,18,1,26.57,4,0,0,0
19,Legal,2026-07-10,10.69,17.78,7.08,27,0,25.34,3,0,0,0
19,Legal,2026-07-13,9.77,18.01,8.24,22,0,29.76,4,0,0,0
19,Legal,2026-07-14,10.31,17.49,7.17,25,0,27.67,5,0,0,0
19,Legal,2026-07-15,9.73,17.32,7.59,28,1,20.86,5,0,0,0
19,Legal,2026-07-16,9.97,17.88,7.91,20,0,26.02,4,0,0,0
19,Legal,2026-07-17,9.74,17.14,7.4,10,0,28.33,5,0,0,0
19,Legal,2026-07-20,10.63,17.44,6.81,12,0,23.8,3,0,0,0
19,Legal,2026-07-21,10.46,16.75,6.29,31,0,27.15,4,0,0,0
19,Legal,2026-07-22,9.45,18.49,9.05,13,0,25.07,3,0,0,0
19,Legal,2026-07-23,11.02,17.98,6.95,24,0,31.15,3,0,0,0
19,Legal,2026-07-24,8.48,18.42,9.93,20,0,27.48,3,0,0,0
19,Legal,2026-07-26,9.72,17.14,7.42,13,1,29.51,3,0,1,0
19,Legal,2026-07-27,10.08,17.56,7.48,27,0,21.68,3,0,0,0
20,HR,2026-04-29,9.85,19.49,9.64,25,0,18.12,1,0,0,0
20,HR,2026-04-30,9.44,19.38,9.94,19,0,16.01,3,0,0,0
20,HR,2026-05-01,9.88,19.24,9.36,27,1,26.06,1,0,0,0
20,HR,2026-05-04,11.47,18.46,6.99,23,0,14.54,3,0,0,0
20,HR,2026-05-05,10.31,18.53,8.22,28,0,14.2,3,0,0,0
20,HR,2026-05-06,9.98,18.43,8.45,33,0,22.08,4,0,0,0
20,HR,2026-05-07,9.86,19.13,9.27,20,0,16.15,3,0,0,0
20,HR,2026-05-08,10.66,19.24,8.58,26,0,17.53,3,0,0,0
20,HR,2026-05-11,10.24,17.65,7.41,19,0,19.3,2,0,0,0
20,HR,2026-05-12,9.96,18.7,8.74,27,1,19.68,1,0,0,0
20,HR,2026-05-13,10.14,18.66,8.53,27,1,17.45,2,0,0,0
20,HR,2026-05-14,10.36,18.65,8.29,25,0,18.76,3,0,0,0
20,HR,2026-05-15,11.2,17.77,6.57,24,1,14.17,4,0,0,0
20,HR,2026-05-18,9.73,17.75,8.02,28,1,25.87,3,0,0,0
20,HR,2026-05-19,10.13,18.86,8.73,32,0,15.4,1,0,0,0
20,HR,2026-05-20,9.17,18.83,9.66,20,0,21.47,2,0,0,0
20,HR,2026-05-21,10.29,18.13,7.85,23,1,19.66,2,0,0,0
20,HR,2026-05-22,9.84,20.51,10.67,29,0,17.96,3,0,0,0
20,HR,2026-05-23,10.17,17.48,7.31,17,0,16.35,1,0,1,0
20,HR,2026-05-25,9.25,18.16,8.91,32,1,27.1,1,0,0,0
20,HR,2026-05-26,9.97,18.45,8.47,15,0,17.65,3,0,0,0
20,HR,2026-05-27,10.41,18.81,8.4,27,0,16.91,2,0,0,0
20,HR,2026-05-28,10.11,19.49,9.38,29,0,13.71,4,0,0,0
20,HR,2026-05-29,9.14,19.59,10.45,25,0,15.74,3,0,0,0
20,HR,2026-06-01,9.85,19.3,9.44,30,0,18.21,1,0,0,0
20,HR,2026-06-02,9.43,19.01,9.57,34,0,21.41,2,0,0,0
20,HR,2026-06-03,10.36,18.19,7.82,14,1,17.2,2,0,0,0
20,HR,2026-06-04,9.89,17.92,8.03,15,1,23.92,3,0,0,0
20,HR,2026-06-05,9.62,17.92,8.3,27,0,21.43,1,0,0,0
20,HR,2026-06-08,10.05,18.73,8.68,25,0,19.23,3,0,0,0
20,HR,2026-06-09,10.18,18.65,8.47,23,0,19.22,4,0,0,0
20,HR,2026-06-10,10.46,17.87,7.42,29,0,14.57,2,0,0,0
20,HR,2026-06-11,10.28,17.86,7.58,23,1,16.47,3,0,0,0
20,HR,2026-06-12,10.01,18.28,8.27,18,0,20.39,2,0,0,0
20,HR,2026-06-15,9.52,18.41,8.9,29,0,23.96,2,0,0,0
20,HR,2026-06-16,10.36,19.73,9.37,21,0,16.02,2,0,0,0
20,HR,2026-06-17,10.73,18.3,7.56,24,0,22.07,2,0,0,0
20,HR,2026-06-18,10.09,18.36,8.26,16,0,15.35,2,0,0,0
20,HR,2026-06-19,9.45,18.89,9.45,40,1,23.32,1,0,0,0
20,HR,2026-06-22,9.64,17.84,8.19,23,0,10.27,2,0,0,0
20,HR,2026-06-23,10.51,18.38,7.86,33,1,20.61,2,0,0,0
20,HR,2026-06-24,9.96,18.57,8.61,23,1,15.15,1,0,0,0
20,HR,2026-06-25,9.46,19.84,10.38,27,0,20.11,1,0,0,0
20,HR,2026-06-26,9.79,18.69,8.9,20,0,17.2,1,0,0,0
20,HR,2026-06-29,10.31,19.02,8.72,20,1,15.61,2,0,0,0
20,HR,2026-06-30,10.16,18.52,8.35,27,0,21.68,4,0,0,0
20,HR,2026-07-01,10.3,17.48,7.18,24,0,17.8,1,0,0,0
20,HR,2026-07-02,10.35,17.8,7.46,23,0,20.64,1,0,0,0
20,HR,2026-07-03,8.45,19.09,10.63,27,0,24.31,3,0,0,0
20,HR,2026-07-06,9.95,18.52,8.58,26,0,15.89,3,0,0,0
20,HR,2026-07-07,9.12,18.99,9.88,26,0,17.88,1,0,0,0
20,HR,2026-07-08,9.85,19.18,9.34,23,0,17.8,2,0,0,0
20,HR,2026-07-09,9.87,19.22,9.35,31,0,20.58,3,0,0,0
20,HR,2026-07-10,10.77,18.38,7.61,32,0,13.55,1,0,0,0
20,HR,2026-07-13,10.39,18.23,7.84,29,0,18.38,2,0,0,0
20,HR,2026-07-14,10.86,18.2,7.35,22,0,21.24,3,0,0,0
20,HR,2026-07-15,9.46,19.2,9.73,22,0,18.8,2,0,0,0
20,HR,2026-07-16,10.07,19.31,9.24,33,0,22.24,1,0,0,0
20,HR,2026-07-17,9.47,19.32,9.85,19,0,19.49,2,0,0,0
20,HR,2026-07-20,10.51,18.82,8.3,18,0,15.11,2,0,0,0
20,HR,2026-07-21,9.66,18.53,8.87,24,0,15.41,2,0,0,0
20,HR,2026-07-22,10.36,18.72,8.37,33,0,23.98,2,0,0,0
20,HR,2026-07-23,9.63,18.45,8.82,18,0,18.45,2,0,0,0
20,HR,2026-07-24,10.22,18.63,8.41,31,0,16.13,3,0,0,0
20,HR,2026-07-27,9.63,16.92,7.29,23,1,18.69,2,0,0,0
21,Sales,2026-04-29,8.95,18.53,9.59,34,0,15.04,4,0,0,0
21,Sales,2026-04-30,8.82,18.36,9.54,27,0,26.62,4,0,0,0
21,Sales,2026-05-01,9.25,19.48,10.23,32,0,27.98,5,0,0,0
21,Sales,2026-05-04,8.12,19.33,11.21,45,0,28.19,3,0,0,0
21,Sales,2026-05-05,8.39,19.29,10.9,32,0,21.45,5,0,0,0
21,Sales,2026-05-06,9.6,18.19,8.59,45,0,29.98,3,0,0,0
21,Sales,2026-05-07,8.58,18.64,10.06,38,0,26.88,5,0,0,0
21,Sales,2026-05-08,8.28,17.69,9.41,35,1,20.02,5,0,0,0
21,Sales,2026-05-10,9.6,18.89,9.28,37,0,22.49,4,0,1,0
21,Sales,2026-05-11,8.69,18.61,9.91,35,0,26.86,6,0,0,0
21,Sales,2026-05-12,8.75,18.44,9.69,39,0,25.35,5,0,0,0
21,Sales,2026-05-13,9.01,18.3,9.29,20,0,17.76,5,0,0,0
21,Sales,2026-05-14,8.92,18.8,9.87,35,0,25.35,5,0,0,0
21,Sales,2026-05-15,9.39,19.4,10.0,40,1,22.8,4,0,0,0
21,Sales,2026-05-18,9.47,19.23,9.75,33,0,22.01,4,0,0,0
21,Sales,2026-05-19,9.04,18.2,9.16,32,0,15.2,5,0,0,0
21,Sales,2026-05-20,8.56,18.68,10.12,30,1,21.85,5,0,0,0
21,Sales,2026-05-21,9.14,18.26,9.13,39,0,27.5,4,0,0,0
21,Sales,2026-05-22,8.86,18.83,9.97,40,0,20.86,5,0,0,0
21,Sales,2026-05-25,8.95,19.3,10.35,33,0,20.35,6,0,0,0
21,Sales,2026-05-26,8.73,19.19,10.46,32,0,25.24,4,0,0,0
21,Sales,2026-05-27,8.55,18.04,9.49,31,0,26.28,3,0,0,0
21,Sales,2026-05-28,9.11,18.38,9.27,43,0,24.91,4,0,0,0
21,Sales,2026-05-29,9.04,18.72,9.68,33,0,24.94,6,0,0,0
21,Sales,2026-06-01,9.62,19.43,9.81,32,0,20.91,4,0,0,0
21,Sales,2026-06-02,8.8,18.4,9.61,32,0,26.47,5,0,0,0
21,Sales,2026-06-03,9.36,17.56,8.2,30,2,24.51,5,0,0,0
21,Sales,2026-06-04,9.4,17.3,7.9,37,0,25.62,4,0,0,0
21,Sales,2026-06-05,8.71,18.6,9.9,34,0,19.21,4,0,0,0
21,Sales,2026-06-08,8.64,18.15,9.52,35,0,15.61,4,0,0,0
21,Sales,2026-06-09,9.24,18.47,9.23,34,0,16.84,5,0,0,0
21,Sales,2026-06-10,9.65,18.66,9.01,34,0,23.0,5,0,0,0
21,Sales,2026-06-11,8.88,18.42,9.54,29,0,18.25,4,0,0,0
21,Sales,2026-06-12,9.15,18.52,9.37,40,0,23.19,4,0,0,0
21,Sales,2026-06-15,9.75,18.56,8.81,32,0,19.09,4,0,0,0
21,Sales,2026-06-16,8.9,19.11,10.2,43,0,29.33,5,0,0,0
21,Sales,2026-06-17,8.53,17.87,9.34,38,0,11.4,3,0,0,0
21,Sales,2026-06-18,9.35,19.31,9.96,41,0,25.65,4,0,0,0
21,Sales,2026-06-19,7.98,18.18,10.2,36,0,22.36,4,0,0,0
21,Sales,2026-06-22,8.68,17.63,8.95,41,2,22.16,4,0,0,0
21,Sales,2026-06-23,9.08,17.49,8.41,37,0,16.64,5,0,0,0
21,Sales,2026-06-24,8.77,18.18,9.41,31,0,20.47,5,0,0,0
21,Sales,2026-06-25,9.34,18.75,9.42,26,0,25.58,6,0,0,0
21,Sales,2026-06-26,8.09,19.55,11.46,40,0,23.97,6,0,0,0
21,Sales,2026-06-29,8.87,18.26,9.39,30,0,16.6,3,0,0,0
21,Sales,2026-06-30,9.08,18.08,9.0,32,0,19.48,3,0,0,0
21,Sales,2026-07-01,9.09,17.95,8.86,40,1,27.66,4,0,0,0
21,Sales,2026-07-02,8.63,18.95,10.33,37,0,21.27,4,0,0,0
21,Sales,2026-07-03,8.63,18.8,10.17,38,1,22.79,4,0,0,0
21,Sales,2026-07-05,9.38,18.57,9.19,32,1,25.88,5,0,1,0
21,Sales,2026-07-06,9.69,18.48,8.8,29,0,24.66,5,0,0,0
21,Sales,2026-07-07,8.72,18.62,9.9,42,1,27.67,6,0,0,0
21,Sales,2026-07-08,8.16,18.24,10.07,41,0,21.89,6,0,0,0
21,Sales,2026-07-09,8.63,18.14,9.51,33,0,20.23,2,0,0,0
21,Sales,2026-07-10,9.52,18.19,8.67,35,0,13.55,5,0,0,0
21,Sales,2026-07-12,9.07,18.82,9.75,43,1,19.25,2,0,1,0
21,Sales,2026-07-13,8.5,17.66,9.16,37,4,24.56,4,0,0,0
21,Sales,2026-07-14,8.65,18.82,10.17,38,0,20.44,5,0,0,0
21,Sales,2026-07-15,8.71,18.9,10.18,29,0,17.22,4,0,0,0
21,Sales,2026-07-16,8.72,19.25,10.53,34,0,18.39,4,0,0,0
21,Sales,2026-07-17,8.66,18.13,9.47,39,0,28.95,5,0,0,0
21,Sales,2026-07-19,8.97,18.28,9.31,36,0,23.14,5,0,1,0
21,Sales,2026-07-20,9.22,18.15,8.93,39,0,14.1,7,0,0,0
21,Sales,2026-07-21,9.35,17.93,8.59,33,0,19.47,3,0,0,0
21,Sales,2026-07-22,9.1,18.33,9.23,40,1,19.24,4,0,0,0
21,Sales,2026-07-23,8.92,18.34,9.43,33,0,18.53,4,0,0,0
21,Sales,2026-07-24,8.64,18.2,9.57,38,1,19.51,5,0,0,0
21,Sales,2026-07-27,9.3,18.46,9.16,40,0,21.21,5,0,0,0
22,Finance,2026-04-29,9.32,16.9,7.57,29,1,3.93,4,0,0,0
22,Finance,2026-04-30,9.41,16.72,7.32,32,1,6.31,2,0,0,0
22,Finance,2026-05-01,10.53,17.15,6.62,17,0,6.44,5,0,0,0
22,Finance,2026-05-04,9.78,16.88,7.1,19,1,6.46,4,0,0,0
22,Finance,2026-05-05,10.09,16.85,6.76,28,0,3.36,3,0,0,0
22,Finance,2026-05-06,10.08,16.34,6.26,30,1,8.67,3,0,0,0
22,Finance,2026-05-07,9.4,17.5,8.09,27,1,7.68,4,0,0,0
22,Finance,2026-05-08,8.57,16.67,8.1,24,0,0.0,5,0,0,0
22,Finance,2026-05-11,9.36,18.25,8.88,32,0,8.83,2,0,0,0
22,Finance,2026-05-12,10.49,17.85,7.36,18,0,6.84,3,0,0,0
22,Finance,2026-05-13,9.71,17.24,7.53,26,1,0.0,3,0,0,0
22,Finance,2026-05-14,9.9,16.86,6.96,22,0,9.43,4,0,0,0
22,Finance,2026-05-15,9.48,16.56,7.08,31,2,10.99,4,0,0,0
22,Finance,2026-05-18,9.17,15.91,6.73,28,0,5.64,4,0,0,0
22,Finance,2026-05-19,9.66,18.51,8.85,23,0,3.06,3,0,0,0
22,Finance,2026-05-20,9.33,16.66,7.33,29,0,10.92,4,0,0,0
22,Finance,2026-05-21,10.02,17.19,7.17,28,0,13.98,3,0,0,0
22,Finance,2026-05-22,9.3,16.8,7.5,24,0,0.0,5,0,0,0
22,Finance,2026-05-24,10.33,17.03,6.7,23,0,11.22,2,0,1,0
22,Finance,2026-05-25,8.72,17.3,8.58,32,2,0.0,2,0,0,0
22,Finance,2026-05-26,8.79,17.04,8.25,27,1,4.11,3,0,0,0
22,Finance,2026-05-27,9.55,17.72,8.17,23,2,4.77,1,0,0,0
22,Finance,2026-05-28,9.71,16.28,6.58,29,2,10.82,3,0,0,0
22,Finance,2026-05-29,9.24,16.65,7.41,20,1,9.9,2,0,0,0
22,Finance,2026-06-01,9.99,17.29,7.3,26,2,13.37,4,0,0,0
22,Finance,2026-06-02,9.34,16.72,7.38,26,1,0.0,3,0,0,0
22,Finance,2026-06-03,9.37,16.12,6.75,28,2,4.8,2,0,0,0
22,Finance,2026-06-04,9.34,17.56,8.22,26,3,4.47,5,0,0,0
22,Finance,2026-06-05,9.57,16.14,6.57,31,1,11.16,3,0,0,0
22,Finance,2026-06-06,9.19,17.9,8.71,26,1,3.82,4,0,1,0
22,Finance,2026-06-08,9.68,18.01,8.33,23,1,4.28,1,0,0,0
22,Finance,2026-06-09,8.65,16.74,8.09,30,0,8.41,2,0,0,0
22,Finance,2026-06-10,8.73,17.13,8.4,28,0,5.26,5,0,0,0
22,Finance,2026-06-11,9.07,17.26,8.19,29,1,4.76,4,0,0,0
22,Finance,2026-06-12,9.6,17.16,7.56,17,1,8.45,5,0,0,0
22,Finance,2026-06-15,10.05,16.45,6.4,24,0,0.0,4,0,0,0
22,Finance,2026-06-16,9.46,17.29,7.84,21,0,7.91,4,0,0,0
22,Finance,2026-06-17,9.72,16.4,6.69,26,0,6.76,4,0,0,0
22,Finance,2026-06-18,8.8,16.86,8.06,28,1,10.43,2,0,0,0
22,Finance,2026-06-19,10.17,17.05,6.89,28,0,3.37,4,0,0,0
22,Finance,2026-06-22,8.94,17.4,8.45,16,0,7.64,4,0,0,0
22,Finance,2026-06-23,9.43,16.44,7.02,23,1,9.96,3,0,0,0
22,Finance,2026-06-24,9.66,16.86,7.21,32,0,0.0,2,0,0,0
22,Finance,2026-06-25,9.73,16.99,7.26,27,1,12.62,4,0,0,0
22,Finance,2026-06-26,10.87,15.33,4.46,23,0,4.15,5,0,0,0
22,Finance,2026-06-29,9.69,17.24,7.55,31,1,6.83,3,0,0,0
22,Finance,2026-06-30,9.65,16.21,6.56,27,1,0.0,3,0,0,0
22,Finance,2026-07-01,9.9,17.34,7.44,27,1,1.53,4,0,0,0
22,Finance,2026-07-02,9.68,17.07,7.39,20,2,0.0,4,0,0,0
22,Finance,2026-07-03,8.69,17.38,8.68,26,0,7.8,3,0,0,0
22,Finance,2026-07-06,9.14,17.06,7.92,27,0,5.37,4,0,0,0
22,Finance,2026-07-07,9.85,16.92,7.06,23,0,9.0,4,0,0,0
22,Finance,2026-07-08,8.72,16.13,7.4,23,0,2.47,5,0,0,0
22,Finance,2026-07-09,9.1,16.72,7.62,27,1,0.95,3,0,0,0
22,Finance,2026-07-10,9.99,17.87,7.88,21,0,3.17,2,0,0,0
22,Finance,2026-07-12,9.62,17.29,7.67,22,0,8.1,4,0,1,0
22,Finance,2026-07-13,9.77,16.77,7.0,21,0,7.58,6,0,0,0
22,Finance,2026-07-14,9.79,17.42,7.63,29,0,1.06,3,0,0,0
22,Finance,2026-07-15,9.9,18.01,8.11,27,0,6.63,4,0,0,0
22,Finance,2026-07-16,10.44,16.32,5.89,21,0,12.21,4,0,0,0
22,Finance,2026-07-17,9.5,16.83,7.33,24,1,1.97,3,0,0,0
22,Finance,2026-07-20,9.01,17.66,8.65,29,0,4.94,3,0,0,0
22,Finance,2026-07-21,9.35,18.11,8.75,31,2,3.71,3,0,0,0
22,Finance,2026-07-22,10.04,18.09,8.05,36,2,6.69,3,0,0,0
22,Finance,2026-07-23,9.89,17.53,7.64,28,0,8.25,5,0,0,0
22,Finance,2026-07-24,9.55,16.75,7.2,26,0,5.54,2,0,0,0
22,Finance,2026-07-25,10.01,15.79,5.78,30,0,8.11,4,0,1,0
22,Finance,2026-07-27,9.07,16.73,7.66,29,1,6.78,3,0,0,0
23,Legal,2026-04-29,8.07,19.88,11.81,25,0,17.93,3,0,0,0
23,Legal,2026-04-30,6.96,18.47,11.5,34,0,23.91,5,0,0,0
23,Legal,2026-05-01,8.41,19.12,10.71,34,0,20.27,4,0,0,0
23,Legal,2026-05-04,7.6,18.36,10.76,38,0,17.77,5,0,0,0
23,Legal,2026-05-05,9.0,19.9,10.9,36,0,22.09,6,0,0,0
23,Legal,2026-05-06,8.89,18.51,9.61,43,0,15.1,4,0,0,0
23,Legal,2026-05-07,7.98,19.22,11.24,30,0,13.93,5,0,0,0
23,Legal,2026-05-08,7.95,17.77,9.82,30,0,15.62,5,0,0,0
23,Legal,2026-05-11,8.02,19.82,11.8,40,0,10.71,4,0,0,0
23,Legal,2026-05-12,8.38,19.22,10.84,32,0,17.48,5,0,0,0
23,Legal,2026-05-13,7.71,18.74,11.03,33,0,22.71,4,0,0,0
23,Legal,2026-05-14,7.71,19.32,11.61,40,0,22.11,5,0,0,0
23,Legal,2026-05-15,7.4,18.96,11.56,38,0,15.85,7,0,0,0
23,Legal,2026-05-18,8.82,18.87,10.06,39,0,24.62,5,0,0,0
23,Legal,2026-05-19,7.57,19.35,11.78,31,0,20.72,4,0,0,0
23,Legal,2026-05-20,7.15,18.54,11.39,33,0,17.45,4,0,0,0
23,Legal,2026-05-21,8.2,19.35,11.15,40,0,15.39,5,0,0,0
23,Legal,2026-05-22,8.36,18.96,10.6,37,0,20.44,4,0,0,0
23,Legal,2026-05-25,7.79,18.51,10.72,31,0,20.62,4,0,0,0
23,Legal,2026-05-26,8.21,18.98,10.77,39,0,25.83,5,0,0,0
23,Legal,2026-05-27,8.03,18.41,10.38,38,0,22.66,5,0,0,0
23,Legal,2026-05-28,8.59,18.65,10.05,32,0,14.39,4,0,0,0
23,Legal,2026-05-29,9.06,19.66,10.6,38,0,21.1,5,0,0,0
23,Legal,2026-06-01,8.52,19.74,11.22,33,0,14.15,4,0,0,0
23,Legal,2026-06-02,7.98,18.86,10.88,35,0,21.4,5,0,0,0
23,Legal,2026-06-03,7.94,18.48,10.55,42,0,19.51,5,0,0,0
23,Legal,2026-06-04,8.3,18.01,9.71,30,0,20.96,5,0,0,0
23,Legal,2026-06-05,8.1,19.62,11.52,31,0,26.16,5,0,0,0
23,Legal,2026-06-06,7.97,19.1,11.13,37,0,17.85,3,0,1,0
23,Legal,2026-06-08,8.49,17.87,9.38,33,0,18.2,5,0,0,0
23,Legal,2026-06-09,8.05,18.78,10.73,37,0,19.37,4,0,0,0
23,Legal,2026-06-10,8.3,18.21,9.91,31,0,17.61,5,0,0,0
23,Legal,2026-06-11,7.58,17.82,10.24,31,0,17.99,6,0,0,0
23,Legal,2026-06-12,7.83,18.34,10.51,36,0,23.18,5,0,0,0
23,Legal,2026-06-15,7.55,17.91,10.35,35,0,19.01,6,0,0,0
23,Legal,2026-06-16,7.59,18.46,10.87,37,0,23.55,4,0,0,0
23,Legal,2026-06-17,7.58,18.85,11.27,38,0,24.78,5,0,0,0
23,Legal,2026-06-18,7.62,18.53,10.91,44,0,22.35,5,0,0,0
23,Legal,2026-06-19,8.58,20.03,11.46,30,0,13.03,5,0,0,0
23,Legal,2026-06-22,7.82,20.58,12.76,29,0,14.37,6,0,0,0
23,Legal,2026-06-23,8.71,18.07,9.36,35,1,18.64,4,0,0,0
23,Legal,2026-06-24,8.86,19.96,11.1,38,0,21.1,5,0,0,0
23,Legal,2026-06-25,8.16,18.83,10.67,41,0,16.42,5,0,0,0
23,Legal,2026-06-26,8.68,18.84,10.16,33,0,13.09,3,0,0,0
23,Legal,2026-06-29,7.65,19.55,11.89,38,0,19.27,6,0,0,0
23,Legal,2026-06-30,8.76,18.07,9.31,37,0,25.61,4,0,0,0
23,Legal,2026-07-01,7.73,19.41,11.68,29,0,15.44,6,0,0,0
23,Legal,2026-07-02,8.28,17.67,9.39,37,0,17.7,6,0,0,0
23,Legal,2026-07-03,8.04,17.93,9.89,39,0,17.49,6,0,0,0
23,Legal,2026-07-05,7.93,17.93,10.01,39,0,24.37,6,0,1,0
23,Legal,2026-07-06,8.14,18.5,10.36,40,1,20.82,4,0,0,0
23,Legal,2026-07-07,8.16,18.02,9.86,38,0,17.66,5,0,0,0
23,Legal,2026-07-08,8.04,18.35,10.31,35,0,21.07,5,0,0,0
23,Legal,2026-07-09,8.52,19.07,10.56,33,1,18.21,5,0,0,0
23,Legal,2026-07-10,8.39,18.61,10.22,33,0,24.06,6,0,0,0
23,Legal,2026-07-13,8.64,19.07,10.44,23,1,23.08,6,0,0,0
23,Legal,2026-07-14,9.1,18.51,9.4,32,0,14.71,4,0,0,0
23,Legal,2026-07-15,7.7,18.73,11.03,35,0,17.62,7,0,0,0
23,Legal,2026-07-16,7.71,18.67,10.96,41,0,26.26,4,0,0,0
23,Legal,2026-07-17,8.26,18.07,9.81,35,0,20.25,4,0,0,0
23,Legal,2026-07-20,8.18,19.35,11.17,32,0,23.6,3,0,0,0
23,Legal,2026-07-21,8.7,20.07,11.37,36,0,21.1,5,0,0,0
23,Legal,2026-07-22,8.28,19.21,10.93,35,0,20.77,6,0,0,0
23,Legal,2026-07-23,7.75,18.51,10.77,44,0,18.1,4,0,0,0
23,Legal,2026-07-24,7.93,18.2,10.27,33,0,16.9,3,0,0,0
23,Legal,2026-07-27,8.44,18.43,9.98,39,0,24.3,4,0,0,0
24,HR,2026-04-29,9.21,18.72,9.51,29,0,16.92,4,0,0,0
24,HR,2026-04-30,9.76,18.06,8.3,27,0,14.63,1,0,0,0
24,HR,2026-05-01,9.57,20.31,10.73,32,0,10.08,2,0,0,0
24,HR,2026-05-04,9.13,19.12,9.99,31,1,11.88,2,0,0,0
24,HR,2026-05-05,9.91,19.15,9.24,28,1,23.54,2,0,0,0
24,HR,2026-05-06,9.05,19.31,10.26,27,0,13.6,1,0,0,0
24,HR,2026-05-07,8.85,19.44,10.59,39,0,18.5,1,0,0,0
24,HR,2026-05-08,9.87,18.74,8.87,27,0,20.14,1,0,0,0
24,HR,2026-05-09,9.48,19.21,9.73,29,0,12.38,2,0,1,0
24,HR,2026-05-11,9.3,19.88,10.58,30,0,11.14,1,0,0,0
24,HR,2026-05-12,9.57,21.0,11.43,31,1,15.01,2,1,0,0
24,HR,2026-05-13,9.41,19.37,9.97,31,0,17.6,1,0,0,0
24,HR,2026-05-14,9.26,19.92,10.65,23,1,15.4,1,0,0,0
24,HR,2026-05-15,9.64,19.36,9.72,21,0,12.75,1,0,0,0
24,HR,2026-05-17,9.68,20.0,10.32,28,0,16.09,1,0,1,0
24,HR,2026-05-18,9.9,18.62,8.72,27,0,13.24,2,0,0,0
24,HR,2026-05-19,9.98,18.55,8.56,35,0,12.01,4,0,0,0
24,HR,2026-05-20,9.3,20.26,10.96,23,0,10.18,1,0,0,0
24,HR,2026-05-21,9.38,19.08,9.69,29,0,10.86,2,0,0,0
24,HR,2026-05-22,10.12,19.82,9.7,32,0,14.51,1,0,0,0
24,HR,2026-05-25,9.61,20.19,10.58,33,0,21.74,2,0,0,0
24,HR,2026-05-26,10.07,19.1,9.04,22,0,16.59,1,0,0,0
24,HR,2026-05-27,9.14,19.37,10.22,21,0,9.79,1,0,0,0
24,HR,2026-05-28,9.16,19.1,9.94,22,0,14.49,2,0,0,0
24,HR,2026-05-29,10.07,19.65,9.58,40,2,12.58,1,0,0,0
24,HR,2026-06-01,9.03,19.25,10.22,29,1,8.49,1,0,0,0
24,HR,2026-06-02,10.15,18.32,8.17,40,0,14.1,1,0,0,0
24,HR,2026-06-03,9.0,18.53,9.53,30,1,6.26,2,0,0,0
24,HR,2026-06-04,9.73,18.71,8.99,21,0,18.53,1,0,0,0
24,HR,2026-06-05,8.6,20.37,11.77,22,0,14.88,2,0,0,0
24,HR,2026-06-08,9.51,18.63,9.11,25,0,8.95,1,0,0,0
24,HR,2026-06-09,10.02,18.34,8.33,30,1,13.08,1,0,0,0
24,HR,2026-06-10,9.82,19.27,9.46,28,0,17.76,1,0,0,0
24,HR,2026-06-11,9.55,19.43,9.87,28,0,14.65,1,0,0,0
24,HR,2026-06-12,10.33,18.14,7.82,26,0,16.0,1,0,0,0
24,HR,2026-06-14,8.94,18.82,9.88,30,0,8.99,1,0,1,0
24,HR,2026-06-15,8.4,18.75,10.34,23,0,13.7,1,0,0,0
24,HR,2026-06-16,9.11,19.21,10.1,32,0,12.27,1,0,0,0
24,HR,2026-06-17,9.69,19.97,10.27,26,0,11.25,1,0,0,0
24,HR,2026-06-18,9.43,19.46,10.02,17,1,15.97,2,0,0,0
24,HR,2026-06-19,9.71,18.05,8.34,24,0,14.87,1,0,0,0
24,HR,2026-06-22,10.15,18.12,7.97,27,1,15.93,2,0,0,0
24,HR,2026-06-23,9.37,20.03,10.66,25,0,17.81,4,0,0,0
24,HR,2026-06-24,9.28,19.61,10.33,23,0,13.35,1,0,0,0
24,HR,2026-06-25,8.92,18.98,10.06,29,0,11.4,3,0,0,0
24,HR,2026-06-26,9.72,19.71,10.0,30,1,13.42,1,0,0,0
24,HR,2026-06-29,9.89,18.94,9.04,25,0,10.74,3,0,0,0
24,HR,2026-06-30,10.23,18.72,8.49,32,0,9.43,1,0,0,0
24,HR,2026-07-01,9.89,18.89,9.0,34,0,16.85,1,0,0,0
24,HR,2026-07-02,9.94,19.8,9.86,29,0,11.74,1,0,0,0
24,HR,2026-07-03,9.62,18.89,9.27,21,0,18.55,1,0,0,0
24,HR,2026-07-06,9.1,19.31,10.21,28,0,17.26,1,0,0,0
24,HR,2026-07-07,8.58,18.84,10.26,22,1,12.94,1,0,0,0
24,HR,2026-07-08,9.39,19.45,10.06,33,0,21.16,2,0,0,0
24,HR,2026-07-09,8.47,18.92,10.45,32,1,16.49,1,0,0,0
24,HR,2026-07-10,9.53,18.72,9.19,28,0,11.92,1,0,0,0
24,HR,2026-07-13,10.14,19.62,9.48,29,1,24.22,3,0,0,0
24,HR,2026-07-14,9.17,19.88,10.72,32,0,14.06,2,0,0,0
24,HR,2026-07-15,9.16,18.99,9.83,22,2,19.4,1,0,0,0
24,HR,2026-07-16,9.45,18.41,8.96,27,0,14.12,3,0,0,0
24,HR,2026-07-17,9.01,19.0,9.99,22,0,12.83,2,0,0,0
24,HR,2026-07-18,10.35,19.21,8.86,28,0,10.38,1,0,1,0
24,HR,2026-07-20,9.25,19.45,10.2,35,0,13.83,1,0,0,0
24,HR,2026-07-21,10.14,20.0,9.86,31,0,16.67,3,0,0,0
24,HR,2026-07-22,9.98,17.44,7.46,37,0,22.18,2,0,0,0
24,HR,2026-07-23,10.26,19.71,9.45,31,0,22.98,1,0,0,0
24,HR,2026-07-24,9.36,19.49,10.13,29,0,9.04,1,0,0,0
24,HR,2026-07-25,9.14,19.74,10.59,37,0,17.81,1,0,1,0
24,HR,2026-07-27,10.03,19.1,9.07,27,1,17.55,1,0,0,0
25,HR,2026-04-29,7.33,18.17,10.84,17,1,26.84,3,0,0,0
25,HR,2026-04-30,8.31,19.02,10.71,13,0,23.67,1,0,0,0
25,HR,2026-05-01,7.8,18.01,10.22,22,0,25.46,2,0,0,0
25,HR,2026-05-04,8.25,17.79,9.54,15,1,19.74,2,0,0,0
25,HR,2026-05-05,9.0,18.63,9.63,14,0,20.95,2,0,0,0
25,HR,2026-05-06,8.65,18.15,9.5,19,0,16.83,1,0,0,0
25,HR,2026-05-07,7.87,18.81,10.94,15,1,21.12,2,0,0,0
25,HR,2026-05-08,7.97,17.94,9.97,20,0,18.18,2,0,0,0
25,HR,2026-05-11,7.38,18.93,11.56,14,0,23.8,3,0,0,0
25,HR,2026-05-12,8.12,18.43,10.31,24,0,27.78,3,0,0,0
25,HR,2026-05-13,8.43,17.67,9.24,20,3,24.61,4,0,0,0
25,HR,2026-05-14,8.45,17.88,9.43,12,0,20.02,3,0,0,0
25,HR,2026-05-15,8.72,19.11,10.39,13,1,18.57,3,0,0,0
25,HR,2026-05-18,8.52,18.44,9.92,19,1,15.91,2,0,0,0
25,HR,2026-05-19,7.95,18.23,10.29,12,1,19.82,2,0,0,0
25,HR,2026-05-20,7.43,17.96,10.53,18,0,28.16,1,0,0,0
25,HR,2026-05-21,8.26,17.49,9.23,5,0,19.01,4,0,0,0
25,HR,2026-05-22,7.6,19.47,11.87,15,0,14.74,3,0,0,0
25,HR,2026-05-25,8.48,18.02,9.53,25,0,12.22,3,0,0,0
25,HR,2026-05-26,7.75,18.87,11.12,15,0,22.23,4,0,0,0
25,HR,2026-05-27,7.45,17.98,10.53,11,2,17.56,2,0,0,0
25,HR,2026-05-28,8.68,18.01,9.32,28,1,25.33,3,0,0,0
25,HR,2026-05-29,7.95,18.37,10.42,6,2,22.85,5,0,0,0
25,HR,2026-05-30,8.06,18.63,10.58,16,1,24.49,1,0,1,0
25,HR,2026-06-01,8.04,18.95,10.91,17,1,24.93,2,0,0,0
25,HR,2026-06-02,8.01,18.73,10.72,23,1,24.71,2,0,0,0
25,HR,2026-06-03,8.57,18.2,9.63,18,1,17.66,3,0,0,0
25,HR,2026-06-04,8.6,18.63,10.04,18,0,19.57,2,0,0,0
25,HR,2026-06-05,7.63,18.6,10.98,18,0,26.67,3,0,0,0
25,HR,2026-06-08,8.39,18.22,9.83,24,1,20.0,2,0,0,0
25,HR,2026-06-09,7.95,18.02,10.06,22,4,12.04,2,0,0,0
25,HR,2026-06-10,7.91,17.66,9.75,23,0,24.76,3,0,0,0
25,HR,2026-06-11,7.56,18.52,10.96,24,2,23.01,1,0,0,0
25,HR,2026-06-12,8.78,17.93,9.15,12,1,22.61,2,0,0,0
25,HR,2026-06-15,8.17,19.1,10.93,17,0,25.39,2,0,0,0
25,HR,2026-06-16,8.34,18.61,10.27,13,0,27.73,1,0,0,0
25,HR,2026-06-17,8.48,18.46,9.98,21,0,18.97,3,0,0,0
25,HR,2026-06-18,8.12,17.94,9.82,10,0,14.8,4,0,0,0
25,HR,2026-06-19,8.92,18.26,9.34,15,0,23.76,2,0,0,0
25,HR,2026-06-22,8.77,18.69,9.92,12,0,19.74,1,0,0,0
25,HR,2026-06-23,7.7,19.4,11.7,21,0,28.87,2,0,0,0
25,HR,2026-06-24,8.89,18.25,9.36,23,3,28.45,2,0,0,0
25,HR,2026-06-25,8.81,18.09,9.28,18,0,16.17,3,0,0,0
25,HR,2026-06-26,8.19,18.68,10.5,12,1,24.67,1,0,0,0
25,HR,2026-06-29,8.19,17.66,9.47,12,0,25.82,3,0,0,0
25,HR,2026-06-30,8.31,17.65,9.33,7,2,23.61,3,0,0,0
25,HR,2026-07-01,8.61,18.65,10.03,22,0,25.55,4,0,0,0
25,HR,2026-07-02,7.94,18.79,10.85,8,0,23.4,4,0,0,0
25,HR,2026-07-03,8.38,17.65,9.28,12,0,17.22,3,0,0,0
25,HR,2026-07-06,8.2,19.28,11.09,11,1,23.24,2,0,0,0
25,HR,2026-07-07,7.52,17.29,9.76,26,0,20.76,2,0,0,0
25,HR,2026-07-08,8.2,18.85,10.65,26,0,23.29,4,0,0,0
25,HR,2026-07-09,8.86,16.6,7.75,24,0,26.78,2,0,0,0
25,HR,2026-07-10,8.23,19.0,10.77,18,0,24.02,2,0,0,0
25,HR,2026-07-13,8.8,18.64,9.84,18,0,19.89,1,0,0,0
25,HR,2026-07-14,8.06,18.92,10.86,15,0,26.8,2,0,0,0
25,HR,2026-07-15,8.1,18.92,10.82,13,0,22.57,2,0,0,0
25,HR,2026-07-16,7.98,18.25,10.27,21,0,16.23,1,0,0,0
25,HR,2026-07-17,7.7,19.57,11.87,17,1,19.07,3,0,0,0
25,HR,2026-07-20,8.75,18.63,9.88,19,2,26.37,2,0,0,0
25,HR,2026-07-21,8.61,18.23,9.62,12,0,20.87,2,0,0,0
25,HR,2026-07-22,7.96,19.6,11.64,16,1,32.36,5,0,0,0
25,HR,2026-07-23,8.93,20.17,11.24,12,4,24.58,1,0,0,0
25,HR,2026-07-24,8.31,18.56,10.25,17,1,20.54,3,0,0,0
25,HR,2026-07-25,8.06,19.38,11.32,16,3,26.6,2,0,1,0
25,HR,2026-07-27,7.88,19.23,11.35,16,1,20.73,3,0,0,0
26,HR,2026-04-29,8.13,19.33,11.2,20,0,5.41,2,0,0,0
26,HR,2026-04-30,9.23,20.19,10.96,22,0,10.79,3,0,0,0
26,HR,2026-05-01,10.04,20.07,10.03,32,0,7.67,3,0,0,0
26,HR,2026-05-04,9.74,19.76,10.02,25,0,17.22,3,0,0,0
26,HR,2026-05-05,9.71,18.74,9.03,33,0,8.32,2,0,0,0
26,HR,2026-05-06,9.21,18.87,9.66,19,0,6.52,4,0,0,0
26,HR,2026-05-07,9.86,19.88,10.02,28,1,17.0,1,0,0,0
26,HR,2026-05-08,8.88,18.85,9.97,20,0,6.51,1,0,0,0
26,HR,2026-05-11,8.51,19.04,10.53,21,2,8.52,2,0,0,0
26,HR,2026-05-12,8.93,19.03,10.1,17,0,2.78,2,0,0,0
26,HR,2026-05-13,9.13,19.17,10.04,24,0,9.48,3,0,0,0
26,HR,2026-05-14,9.7,19.29,9.59,19,1,11.18,3,0,0,0
26,HR,2026-05-15,9.56,20.29,10.73,25,0,13.32,1,0,0,0
26,HR,2026-05-16,9.85,19.54,9.69,24,0,4.43,4,0,1,0
26,HR,2026-05-18,9.61,18.89,9.29,39,0,11.73,2,0,0,0
26,HR,2026-05-19,9.44,19.42,9.98,30,0,10.11,2,0,0,0
26,HR,2026-05-20,9.36,20.13,10.78,29,0,10.67,3,0,0,0
26,HR,2026-05-21,8.83,20.16,11.33,26,0,9.88,3,0,0,0
26,HR,2026-05-22,9.15,19.5,10.35,29,0,7.31,3,0,0,0
26,HR,2026-05-23,9.21,19.19,9.98,26,0,17.54,2,0,1,0
26,HR,2026-05-25,9.11,18.25,9.14,24,0,8.64,3,0,0,0
26,HR,2026-05-26,9.38,21.19,11.81,21,1,9.25,1,1,0,0
26,HR,2026-05-27,9.45,19.51,10.05,17,0,7.67,3,0,0,0
26,HR,2026-05-28,9.87,19.69,9.82,21,0,10.89,2,0,0,0
26,HR,2026-05-29,9.34,19.93,10.59,27,1,9.86,2,0,0,0
26,HR,2026-05-31,9.51,19.03,9.52,22,0,7.11,1,0,1,0
26,HR,2026-06-01,9.68,19.67,9.99,19,0,15.75,1,0,0,0
26,HR,2026-06-02,9.14,20.3,11.16,21,0,9.8,2,0,0,0
26,HR,2026-06-03,9.48,19.02,9.55,21,1,13.03,2,0,0,0
26,HR,2026-06-04,9.32,18.64,9.31,21,0,12.05,2,0,0,0
26,HR,2026-06-05,10.2,19.13,8.92,22,0,3.78,1,0,0,0
26,HR,2026-06-08,8.89,19.55,10.66,23,0,15.86,2,0,0,0
26,HR,2026-06-09,9.66,18.69,9.03,25,0,8.17,3,0,0,0
26,HR,2026-06-10,8.66,18.98,10.32,18,0,11.14,1,0,0,0
26,HR,2026-06-11,10.16,20.52,10.36,16,0,13.87,3,0,0,0
26,HR,2026-06-12,9.71,18.98,9.27,15,0,17.95,3,0,0,0
26,HR,2026-06-13,9.37,19.4,10.03,29,0,9.16,3,0,1,0
26,HR,2026-06-15,9.68,20.03,10.35,23,0,5.09,3,0,0,0
26,HR,2026-06-16,9.44,18.42,8.97,22,0,7.33,2,0,0,0
26,HR,2026-06-17,10.1,18.84,8.74,23,0,6.56,5,0,0,0
26,HR,2026-06-18,9.32,19.2,9.88,27,0,6.59,3,0,0,0
26,HR,2026-06-19,10.12,20.45,10.32,23,0,11.55,3,0,0,0
26,HR,2026-06-22,9.33,19.63,10.29,29,0,7.43,2,0,0,0
26,HR,2026-06-23,9.89,19.83,9.95,21,0,1.35,3,0,0,0
26,HR,2026-06-24,9.94,18.56,8.62,19,0,11.95,1,0,0,0
26,HR,2026-06-25,9.69,18.95,9.26,15,0,11.69,5,0,0,0
26,HR,2026-06-26,9.87,19.8,9.93,29,0,11.76,3,0,0,0
26,HR,2026-06-29,9.95,19.46,9.51,15,0,8.73,4,0,0,0
26,HR,2026-06-30,9.74,19.88,10.14,17,1,12.4,2,0,0,0
26,HR,2026-07-01,10.04,18.66,8.62,23,0,10.35,1,0,0,0
26,HR,2026-07-02,8.9,20.29,11.39,28,0,9.65,2,0,0,0
26,HR,2026-07-03,9.73,19.02,9.29,30,0,7.98,3,0,0,0
26,HR,2026-07-05,9.22,19.61,10.38,29,1,6.79,2,0,1,0
26,HR,2026-07-06,9.73,19.66,9.94,28,0,6.68,2,0,0,0
26,HR,2026-07-07,8.87,19.03,10.16,23,0,8.51,3,0,0,0
26,HR,2026-07-08,9.93,18.35,8.42,35,0,9.16,2,0,0,0
26,HR,2026-07-09,9.53,18.94,9.41,24,0,2.03,2,0,0,0
26,HR,2026-07-10,8.95,18.85,9.89,24,0,10.89,2,0,0,0
26,HR,2026-07-13,9.88,19.35,9.47,25,0,17.5,2,0,0,0
26,HR,2026-07-14,9.94,19.46,9.51,27,0,5.81,2,0,0,0
26,HR,2026-07-15,8.76,17.96,9.2,18,1,10.15,3,0,0,0
26,HR,2026-07-16,8.79,17.9,9.11,30,0,19.37,3,0,0,0
26,HR,2026-07-17,9.98,19.44,9.45,22,0,8.66,2,0,0,0
26,HR,2026-07-20,8.44,19.28,10.83,28,0,11.7,3,0,0,0
26,HR,2026-07-21,10.07,19.29,9.22,24,0,13.61,3,0,0,0
26,HR,2026-07-22,9.92,18.81,8.89,23,0,1.17,2,0,0,0
26,HR,2026-07-23,10.23,19.98,9.76,25,0,7.87,2,0,0,0
26,HR,2026-07-24,8.87,18.27,9.4,25,0,9.27,1,0,0,0
26,HR,2026-07-27,8.83,20.59,11.76,12,0,6.46,1,0,0,0
27,Legal,2026-04-29,9.13,17.85,8.72,16,0,30.61,2,0,0,0
27,Legal,2026-04-30,9.58,18.59,9.01,29,1,11.6,1,0,0,0
27,Legal,2026-05-01,9.87,19.18,9.31,21,0,18.18,1,0,0,0
27,Legal,2026-05-04,9.66,18.5,8.84,20,2,27.68,2,0,0,0
27,Legal,2026-05-05,9.37,17.83,8.47,26,0,22.85,3,0,0,0
27,Legal,2026-05-06,9.4,19.32,9.91,21,1,25.92,3,0,0,0
27,Legal,2026-05-07,9.45,18.35,8.9,22,0,21.95,1,0,0,0
27,Legal,2026-05-08,8.81,17.51,8.7,31,1,20.02,1,0,0,0
27,Legal,2026-05-11,9.26,18.85,9.59,22,0,23.74,2,0,0,0
27,Legal,2026-05-12,8.54,18.25,9.7,24,0,19.78,2,0,0,0
27,Legal,2026-05-13,8.93,18.22,9.29,23,0,25.45,1,0,0,0
27,Legal,2026-05-14,8.89,19.1,10.21,21,0,22.83,2,0,0,0
27,Legal,2026-05-15,8.17,18.68,10.51,31,0,23.9,2,0,0,0
27,Legal,2026-05-18,9.85,18.35,8.49,28,0,35.07,2,0,0,0
27,Legal,2026-05-19,9.36,18.18,8.82,18,0,34.38,2,0,0,0
27,Legal,2026-05-20,8.72,18.16,9.45,21,1,27.0,2,0,0,0
27,Legal,2026-05-21,8.87,17.75,8.88,21,1,15.87,1,0,0,0
27,Legal,2026-05-22,9.31,17.24,7.94,25,0,20.8,3,0,0,0
27,Legal,2026-05-25,9.33,17.36,8.03,31,0,24.6,2,0,0,0
27,Legal,2026-05-26,8.87,17.78,8.91,22,0,28.63,4,0,0,0
27,Legal,2026-05-27,8.25,18.29,10.04,24,0,29.49,4,0,0,0
27,Legal,2026-05-28,9.32,17.7,8.38,19,0,26.31,2,0,0,0
27,Legal,2026-05-29,9.78,18.68,8.9,27,2,16.87,2,0,0,0
27,Legal,2026-06-01,8.46,18.59,10.12,24,0,21.49,4,0,0,0
27,Legal,2026-06-02,8.99,17.8,8.81,24,0,19.94,1,0,0,0
27,Legal,2026-06-03,9.08,20.0,10.92,29,1,22.43,1,0,0,0
27,Legal,2026-06-04,9.3,17.62,8.32,28,1,21.63,2,0,0,0
27,Legal,2026-06-05,8.81,18.71,9.89,22,0,31.43,2,0,0,0
27,Legal,2026-06-06,9.07,18.4,9.33,27,1,27.18,2,0,1,0
27,Legal,2026-06-08,8.8,18.31,9.51,25,1,18.74,2,0,0,0
27,Legal,2026-06-09,8.43,18.25,9.82,12,2,22.52,3,0,0,0
27,Legal,2026-06-10,8.68,18.54,9.86,18,0,25.77,2,0,0,0
27,Legal,2026-06-11,8.84,18.47,9.63,20,0,18.78,2,0,0,0
27,Legal,2026-06-12,9.27,17.49,8.22,20,0,22.92,2,0,0,0
27,Legal,2026-06-15,8.64,17.74,9.11,22,0,23.88,1,0,0,0
27,Legal,2026-06-16,8.41,17.88,9.48,20,0,31.29,2,0,0,0
27,Legal,2026-06-17,10.28,18.62,8.33,14,1,20.04,2,0,0,0
27,Legal,2026-06-18,9.12,17.5,8.38,23,1,19.93,3,0,0,0
27,Legal,2026-06-19,9.41,18.63,9.22,21,2,28.36,4,0,0,0
27,Legal,2026-06-20,10.21,18.47,8.26,20,1,19.47,1,0,1,0
27,Legal,2026-06-22,9.45,17.72,8.28,19,3,29.6,1,0,0,0
27,Legal,2026-06-23,9.16,17.9,8.74,23,1,16.88,1,0,0,0
27,Legal,2026-06-24,9.3,17.88,8.58,14,0,21.19,1,0,0,0
27,Legal,2026-06-25,8.58,17.99,9.42,30,0,24.39,2,0,0,0
27,Legal,2026-06-26,8.76,18.43,9.67,23,1,23.63,1,0,0,0
27,Legal,2026-06-27,9.03,19.22,10.18,25,0,11.97,2,0,1,0
27,Legal,2026-06-28,9.01,17.71,8.7,19,0,27.44,1,0,1,0
27,Legal,2026-06-29,10.06,18.69,8.63,10,0,26.34,1,0,0,0
27,Legal,2026-06-30,8.84,18.67,9.83,27,0,27.37,2,0,0,0
27,Legal,2026-07-01,9.01,17.87,8.86,29,0,23.29,1,0,0,0
27,Legal,2026-07-02,8.27,18.05,9.78,19,2,25.69,2,0,0,0
27,Legal,2026-07-03,8.52,18.24,9.72,12,1,19.83,1,0,0,0
27,Legal,2026-07-06,10.29,18.6,8.31,21,0,20.22,3,0,0,0
27,Legal,2026-07-07,9.0,17.98,8.97,26,2,19.89,2,0,0,0
27,Legal,2026-07-08,8.73,19.12,10.39,29,1,31.54,1,0,0,0
27,Legal,2026-07-09,8.54,17.95,9.4,17,0,25.17,3,0,0,0
27,Legal,2026-07-10,8.64,18.13,9.5,12,0,17.63,3,0,0,0
27,Legal,2026-07-13,9.83,16.88,7.05,28,3,27.08,2,0,0,0
27,Legal,2026-07-14,9.43,17.63,8.21,29,2,17.32,3,0,0,0
27,Legal,2026-07-15,8.99,18.46,9.47,20,1,17.49,3,0,0,0
27,Legal,2026-07-16,9.07,18.5,9.42,22,0,25.84,1,0,0,0
27,Legal,2026-07-17,9.69,18.54,8.86,22,0,24.19,1,0,0,0
27,Legal,2026-07-20,9.22,19.3,10.07,27,0,21.9,1,0,0,0
27,Legal,2026-07-21,9.1,18.02,8.92,16,0,19.99,3,0,0,0
27,Legal,2026-07-22,9.25,19.03,9.78,13,0,31.68,2,0,0,0
27,Legal,2026-07-23,8.89,18.72,9.83,26,1,28.47,3,0,0,0
27,Legal,2026-07-24,8.83,18.22,9.4,23,0,24.66,1,0,0,0
27,Legal,2026-07-27,9.05,18.09,9.04,26,1,25.86,2,0,0,0
28,Engineering,2026-04-29,9.74,17.5,7.77,18,0,12.77,3,0,0,0
28,Engineering,2026-04-30,9.1,17.91,8.81,6,1,9.54,5,0,0,0
28,Engineering,2026-05-01,10.13,17.52,7.4,15,0,13.49,4,0,0,0
28,Engineering,2026-05-04,8.8,16.73,7.94,18,1,20.07,5,0,0,0
28,Engineering,2026-05-05,9.78,17.21,7.43,10,0,8.17,3,0,0,0
28,Engineering,2026-05-06,8.86,17.81,8.95,18,0,14.31,4,0,0,0
28,Engineering,2026-05-07,9.46,17.15,7.69,19,0,13.9,5,0,0,0
28,Engineering,2026-05-08,9.17,18.42,9.26,16,0,8.75,2,0,0,0
28,Engineering,2026-05-11,9.1,16.21,7.1,12,0,8.05,4,0,0,0
28,Engineering,2026-05-12,9.93,17.36,7.43,10,1,14.39,5,0,0,0
28,Engineering,2026-05-13,9.11,17.87,8.76,17,0,16.49,5,0,0,0
28,Engineering,2026-05-14,9.05,17.5,8.46,12,1,13.73,3,0,0,0
28,Engineering,2026-05-15,9.62,18.29,8.67,20,1,18.85,3,0,0,0
28,Engineering,2026-05-18,8.29,18.14,9.84,22,0,11.93,3,0,0,0
28,Engineering,2026-05-19,10.09,17.51,7.42,18,2,8.23,4,0,0,0
28,Engineering,2026-05-20,9.86,16.97,7.11,17,0,15.83,4,0,0,0
28,Engineering,2026-05-21,8.26,17.47,9.21,22,0,16.26,5,0,0,0
28,Engineering,2026-05-22,10.16,19.17,9.01,17,1,11.01,5,0,0,0
28,Engineering,2026-05-25,9.24,18.82,9.58,20,0,12.84,4,0,0,0
28,Engineering,2026-05-26,9.8,17.91,8.11,22,0,19.16,2,0,0,0
28,Engineering,2026-05-27,9.33,18.07,8.74,13,4,16.26,4,0,0,0
28,Engineering,2026-05-28,9.03,16.89,7.86,16,0,7.34,4,0,0,0
28,Engineering,2026-05-29,8.78,17.52,8.74,21,1,14.75,3,0,0,0
28,Engineering,2026-06-01,9.7,17.86,8.16,15,0,16.09,3,0,0,0
28,Engineering,2026-06-02,9.44,16.84,7.4,13,0,18.16,6,0,0,0
28,Engineering,2026-06-03,9.86,18.16,8.3,14,0,11.11,5,0,0,0
28,Engineering,2026-06-04,9.71,17.05,7.34,10,1,11.11,5,0,0,0
28,Engineering,2026-06-05,9.7,17.01,7.31,22,0,18.3,6,0,0,0
28,Engineering,2026-06-08,9.6,17.17,7.57,20,0,6.04,3,0,0,0
28,Engineering,2026-06-09,9.57,17.66,8.09,15,0,20.54,5,0,0,0
28,Engineering,2026-06-10,9.51,16.68,7.17,4,2,13.89,4,0,0,0
28,Engineering,2026-06-11,9.25,18.37,9.12,20,0,13.01,5,0,0,0
28,Engineering,2026-06-12,9.61,17.17,7.56,14,0,16.69,4,0,0,0
28,Engineering,2026-06-15,9.07,16.53,7.46,9,0,9.98,2,0,0,0
28,Engineering,2026-06-16,9.28,17.95,8.68,19,0,14.03,4,0,0,0
28,Engineering,2026-06-17,9.45,17.06,7.61,11,2,16.11,5,0,0,0
28,Engineering,2026-06-18,8.53,17.25,8.72,19,1,16.62,5,0,0,0
28,Engineering,2026-06-19,9.52,17.28,7.76,19,0,9.85,4,0,0,0
28,Engineering,2026-06-22,9.15,17.92,8.77,23,0,10.93,4,0,0,0
28,Engineering,2026-06-23,9.18,17.35,8.18,14,0,8.03,4,0,0,0
28,Engineering,2026-06-24,9.11,16.92,7.81,16,1,10.89,6,0,0,0
28,Engineering,2026-06-25,9.06,18.3,9.24,16,1,11.05,5,0,0,0
28,Engineering,2026-06-26,9.0,17.47,8.48,4,0,17.1,4,0,0,0
28,Engineering,2026-06-29,10.17,16.97,6.8,17,0,16.07,5,0,0,0
28,Engineering,2026-06-30,9.99,17.37,7.38,13,1,16.75,4,0,0,0
28,Engineering,2026-07-01,9.61,17.98,8.37,13,0,12.29,4,0,0,0
28,Engineering,2026-07-02,9.07,16.97,7.9,16,0,15.52,3,0,0,0
28,Engineering,2026-07-03,9.85,18.69,8.84,12,0,8.26,5,0,0,0
28,Engineering,2026-07-06,9.27,17.54,8.27,19,0,9.17,5,0,0,0
28,Engineering,2026-07-07,10.18,16.68,6.5,8,0,12.05,5,0,0,0
28,Engineering,2026-07-08,9.32,17.28,7.96,23,0,12.01,5,0,0,0
28,Engineering,2026-07-09,9.09,16.67,7.58,16,0,9.42,3,0,0,0
28,Engineering,2026-07-10,10.47,16.82,6.35,15,0,11.99,4,0,0,0
28,Engineering,2026-07-11,10.14,17.86,7.72,23,2,9.47,5,0,1,0
28,Engineering,2026-07-13,9.57,17.27,7.7,14,0,7.19,5,0,0,0
28,Engineering,2026-07-14,9.46,17.22,7.76,14,0,6.34,5,0,0,0
28,Engineering,2026-07-15,10.05,17.39,7.34,21,2,12.89,5,0,0,0
28,Engineering,2026-07-16,9.15,17.32,8.17,24,1,16.22,3,0,0,0
28,Engineering,2026-07-17,9.26,16.83,7.56,18,1,16.76,4,0,0,0
28,Engineering,2026-07-19,8.95,17.39,8.45,16,0,14.57,4,0,1,0
28,Engineering,2026-07-20,9.43,17.19,7.75,20,0,14.03,4,0,0,0
28,Engineering,2026-07-21,8.24,18.57,10.33,6,0,13.78,4,0,0,0
28,Engineering,2026-07-22,9.7,16.76,7.06,23,0,18.35,4,0,0,0
28,Engineering,2026-07-23,8.58,17.78,9.2,24,1,9.95,4,0,0,0
28,Engineering,2026-07-24,9.12,16.94,7.82,12,0,12.36,4,0,0,0
28,Engineering,2026-07-26,9.05,16.95,7.9,15,1,14.33,5,0,1,0
28,Engineering,2026-07-27,8.58,17.71,9.13,19,2,12.61,4,0,0,0
29,Engineering,2026-04-29,8.93,18.23,9.31,36,0,3.5,4,0,0,0
29,Engineering,2026-04-30,1.0,2.06,1.06,345,0,9.3,3,1,0,1
29,Engineering,2026-05-01,8.76,18.56,9.8,40,0,11.8,1,0,0,0
29,Engineering,2026-05-04,9.7,18.21,8.51,35,0,4.73,3,0,0,0
29,Engineering,2026-05-05,9.28,17.82,8.54,42,1,2.88,3,0,0,0
29,Engineering,2026-05-06,9.27,16.97,7.71,30,2,8.31,3,0,0,0
29,Engineering,2026-05-07,9.3,18.17,8.87,47,1,11.1,2,0,0,0
29,Engineering,2026-05-08,9.07,18.72,9.65,31,1,10.54,3,0,0,0
29,Engineering,2026-05-11,9.76,18.25,8.49,41,3,8.71,1,0,0,0
29,Engineering,2026-05-12,7.76,18.5,10.74,41,0,7.96,3,0,0,0
29,Engineering,2026-05-13,8.94,19.4,10.46,41,0,14.65,3,0,0,0
29,Engineering,2026-05-14,9.44,18.75,9.31,44,0,7.87,3,0,0,0
29,Engineering,2026-05-15,8.76,18.42,9.67,50,0,10.7,4,0,0,0
29,Engineering,2026-05-16,8.74,18.8,10.06,45,0,10.16,4,0,1,0
29,Engineering,2026-05-18,9.11,18.62,9.5,44,1,9.08,3,0,0,0
29,Engineering,2026-05-19,8.74,17.86,9.12,42,0,8.01,3,0,0,0
29,Engineering,2026-05-20,8.83,18.17,9.34,42,0,9.7,2,0,0,0
29,Engineering,2026-05-21,9.25,18.54,9.29,47,2,10.11,4,0,0,0
29,Engineering,2026-05-22,9.34,16.76,7.43,41,1,7.68,3,0,0,0
29,Engineering,2026-05-23,8.58,18.9,10.32,49,0,8.77,2,0,1,0
29,Engineering,2026-05-25,8.37,18.13,9.76,44,0,11.83,2,0,0,0
29,Engineering,2026-05-26,8.61,17.44,8.83,58,1,12.44,3,0,0,0
29,Engineering,2026-05-27,9.36,16.66,7.3,37,2,3.86,3,0,0,0
29,Engineering,2026-05-28,8.91,18.56,9.65,42,1,8.29,5,0,0,0
29,Engineering,2026-05-29,9.8,17.36,7.57,52,0,9.08,3,0,0,0
29,Engineering,2026-06-01,9.52,18.07,8.55,43,0,9.24,2,0,0,0
29,Engineering,2026-06-02,9.0,17.38,8.38,52,1,2.34,2,0,0,0
29,Engineering,2026-06-03,8.35,18.91,10.56,43,1,11.85,5,0,0,0
29,Engineering,2026-06-04,9.08,19.02,9.93,45,2,13.34,2,0,0,0
29,Engineering,2026-06-05,7.53,18.19,10.65,47,0,3.85,3,0,0,0
29,Engineering,2026-06-07,9.08,18.04,8.96,43,0,5.4,4,0,1,0
29,Engineering,2026-06-08,8.44,18.32,9.88,41,1,12.28,1,0,0,0
29,Engineering,2026-06-09,9.34,16.89,7.54,49,0,14.14,4,0,0,0
29,Engineering,2026-06-10,4.0,5.12,1.12,41,0,9.3,3,1,0,1
29,Engineering,2026-06-11,8.69,19.27,10.58,35,2,10.87,2,0,0,0
29,Engineering,2026-06-12,9.56,18.4,8.85,42,2,9.96,1,0,0,0
29,Engineering,2026-06-15,8.26,18.15,9.89,40,0,9.71,2,0,0,0
29,Engineering,2026-06-16,8.62,17.95,9.33,45,0,10.43,3,0,0,0
29,Engineering,2026-06-17,8.44,19.31,10.87,35,0,15.5,4,0,0,0
29,Engineering,2026-06-18,9.8,18.01,8.21,36,0,12.18,3,0,0,0
29,Engineering,2026-06-19,23.0,24.39,1.39,378,0,9.3,3,1,0,1
29,Engineering,2026-06-22,9.04,18.34,9.29,38,0,6.84,3,0,0,0
29,Engineering,2026-06-23,9.0,19.03,10.03,45,3,11.68,1,0,0,0
29,Engineering,2026-06-24,9.34,18.75,9.41,43,0,0.77,3,0,0,0
29,Engineering,2026-06-25,8.77,18.32,9.55,40,0,9.38,3,0,0,0
29,Engineering,2026-06-26,8.98,17.86,8.87,46,0,7.58,3,0,0,0
29,Engineering,2026-06-27,8.71,19.2,10.49,36,0,6.7,3,0,1,0
29,Engineering,2026-06-29,8.51,18.14,9.63,39,1,7.72,3,0,0,0
29,Engineering,2026-06-30,10.14,18.07,7.93,43,0,4.61,4,0,0,0
29,Engineering,2026-07-01,8.92,18.24,9.32,232,0,171.35,3,0,0,1
29,Engineering,2026-07-02,8.83,18.73,9.9,49,0,5.83,2,0,0,0
29,Engineering,2026-07-03,8.4,16.91,8.51,44,0,4.86,3,0,0,0
29,Engineering,2026-07-06,9.11,18.31,9.2,39,2,15.02,2,0,0,0
29,Engineering,2026-07-07,8.84,18.96,10.11,42,0,11.5,3,0,0,0
29,Engineering,2026-07-08,9.37,19.68,10.31,42,1,10.1,2,0,0,0
29,Engineering,2026-07-09,8.82,18.02,9.2,45,0,8.94,2,0,0,0
29,Engineering,2026-07-10,9.45,17.93,8.48,49,1,3.1,1,0,0,0
29,Engineering,2026-07-11,9.34,18.5,9.16,48,0,12.86,2,0,1,0
29,Engineering,2026-07-13,9.21,18.68,9.47,38,1,8.58,4,0,0,0
29,Engineering,2026-07-14,9.02,18.11,9.1,44,1,6.6,3,0,0,0
29,Engineering,2026-07-15,9.18,18.32,9.14,45,2,2.37,3,0,0,0
29,Engineering,2026-07-16,8.26,19.09,10.83,41,0,12.47,3,0,0,0
29,Engineering,2026-07-17,8.97,17.79,8.82,34,1,10.79,1,0,0,0
29,Engineering,2026-07-19,9.28,18.2,8.92,41,0,11.21,3,0,1,0
29,Engineering,2026-07-20,9.26,18.29,9.03,43,2,6.22,1,0,0,0
29,Engineering,2026-07-21,8.61,17.33,8.72,39,0,14.08,3,0,0,0
29,Engineering,2026-07-22,9.06,17.03,7.97,44,1,10.27,1,0,0,0
29,Engineering,2026-07-23,8.95,17.52,8.57,41,2,7.42,2,0,0,0
29,Engineering,2026-07-24,9.46,17.67,8.21,42,0,4.27,3,0,0,0
29,Engineering,2026-07-27,8.25,18.51,10.26,42,2,3.0,4,0,0,0
30,Engineering,2026-04-29,8.31,17.56,9.25,28,0,12.98,4,0,0,0
30,Engineering,2026-04-30,8.72,17.57,8.84,23,1,25.27,4,0,0,0
30,Engineering,2026-05-01,8.06,16.87,8.81,32,0,13.14,4,0,0,0
30,Engineering,2026-05-04,8.86,17.39,8.54,25,0,20.32,5,0,0,0
30,Engineering,2026-05-05,8.23,18.08,9.85,23,0,17.67,7,0,0,0
30,Engineering,2026-05-06,8.25,17.82,9.58,28,1,28.09,5,0,0,0
30,Engineering,2026-05-07,8.97,17.81,8.84,27,0,16.75,6,0,0,0
30,Engineering,2026-05-08,9.85,18.6,8.75,37,0,16.84,8,0,0,0
30,Engineering,2026-05-10,8.76,17.94,9.18,37,0,21.45,4,0,1,0
30,Engineering,2026-05-11,9.24,17.55,8.3,37,0,24.72,7,0,0,0
30,Engineering,2026-05-12,8.48,18.54,10.06,30,1,24.25,6,0,0,0
30,Engineering,2026-05-13,8.26,17.83,9.58,30,0,18.01,5,0,0,0
30,Engineering,2026-05-14,9.07,17.68,8.61,26,0,24.34,5,0,0,0
30,Engineering,2026-05-15,8.55,17.21,8.66,24,0,17.24,6,0,0,0
30,Engineering,2026-05-18,9.29,15.88,6.59,33,1,13.62,6,0,0,0
30,Engineering,2026-05-19,9.77,18.02,8.24,26,1,20.87,5,0,0,0
30,Engineering,2026-05-20,7.6,17.45,9.85,39,1,15.59,6,0,0,0
30,Engineering,2026-05-21,7.79,17.58,9.79,37,1,24.73,5,0,0,0
30,Engineering,2026-05-22,8.3,18.04,9.74,22,0,17.89,5,0,0,0
30,Engineering,2026-05-25,8.75,17.51,8.76,36,0,16.34,6,0,0,0
30,Engineering,2026-05-26,9.13,17.21,8.09,24,0,18.63,5,0,0,0
30,Engineering,2026-05-27,9.33,18.11,8.78,36,0,23.85,5,0,0,0
30,Engineering,2026-05-28,8.98,17.25,8.27,34,0,25.89,6,0,0,0
30,Engineering,2026-05-29,7.98,17.52,9.54,26,1,24.4,5,0,0,0
30,Engineering,2026-06-01,8.83,16.7,7.87,31,1,13.88,5,0,0,0
30,Engineering,2026-06-02,8.55,17.11,8.55,30,0,14.86,5,0,0,0
30,Engineering,2026-06-03,8.33,17.34,9.01,43,0,19.62,5,0,0,0
30,Engineering,2026-06-04,9.53,18.4,8.86,31,0,19.59,4,0,0,0
30,Engineering,2026-06-05,8.46,18.05,9.59,33,0,21.43,5,0,0,0
30,Engineering,2026-06-08,9.31,17.22,7.91,38,0,21.43,7,0,0,0
30,Engineering,2026-06-09,8.4,18.0,9.61,29,1,20.75,5,0,0,0
30,Engineering,2026-06-10,8.65,17.14,8.5,31,0,23.17,5,0,0,0
30,Engineering,2026-06-11,8.35,17.25,8.9,31,0,18.34,6,0,0,0
30,Engineering,2026-06-12,8.95,17.59,8.64,31,0,22.32,6,0,0,0
30,Engineering,2026-06-15,8.62,17.25,8.63,26,0,17.65,7,0,0,0
30,Engineering,2026-06-16,8.32,18.74,10.42,31,0,15.79,6,0,0,0
30,Engineering,2026-06-17,8.68,16.66,7.97,32,2,24.15,7,0,0,0
30,Engineering,2026-06-18,7.92,17.89,9.97,38,1,22.47,4,0,0,0
30,Engineering,2026-06-19,9.0,17.28,8.28,32,0,22.88,7,0,0,0
30,Engineering,2026-06-22,9.35,17.47,8.12,32,0,12.29,6,0,0,0
30,Engineering,2026-06-23,8.97,17.59,8.62,28,1,19.06,5,0,0,0
30,Engineering,2026-06-24,8.46,17.22,8.77,33,0,19.75,6,0,0,0
30,Engineering,2026-06-25,8.92,17.6,8.68,40,1,19.11,5,0,0,0
30,Engineering,2026-06-26,7.94,17.33,9.39,26,1,12.94,4,0,0,0
30,Engineering,2026-06-29,7.95,17.84,9.89,30,1,20.53,6,0,0,0
30,Engineering,2026-06-30,9.12,17.87,8.75,36,1,20.29,6,0,0,0
30,Engineering,2026-07-01,8.55,18.73,10.19,34,0,16.99,5,0,0,0
30,Engineering,2026-07-02,8.54,18.8,10.25,30,0,12.82,5,0,0,0
30,Engineering,2026-07-03,9.0,17.01,8.0,33,0,13.57,6,0,0,0
30,Engineering,2026-07-05,7.95,17.63,9.68,37,0,22.08,5,0,1,0
30,Engineering,2026-07-06,8.22,17.4,9.18,33,1,13.76,5,0,0,0
30,Engineering,2026-07-07,8.17,16.82,8.64,33,1,20.48,7,0,0,0
30,Engineering,2026-07-08,8.39,17.83,9.44,32,0,13.08,4,0,0,0
30,Engineering,2026-07-09,8.97,17.82,8.85,41,1,17.57,7,0,0,0
30,Engineering,2026-07-10,9.6,17.77,8.17,24,1,24.44,7,0,0,0
30,Engineering,2026-07-13,7.88,17.2,9.32,29,0,20.62,7,0,0,0
30,Engineering,2026-07-14,8.54,16.86,8.32,28,1,22.24,7,0,0,0
30,Engineering,2026-07-15,8.62,17.83,9.21,34,0,21.06,5,0,0,0
30,Engineering,2026-07-16,8.77,17.05,8.28,26,0,14.86,5,0,0,0
30,Engineering,2026-07-17,9.91,18.75,8.84,21,0,18.89,6,0,0,0
30,Engineering,2026-07-18,7.74,18.85,11.11,30,1,18.04,6,0,1,0
30,Engineering,2026-07-20,8.63,18.28,9.66,28,0,16.48,4,0,0,0
30,Engineering,2026-07-21,9.16,18.09,8.92,36,0,23.7,7,0,0,0
30,Engineering,2026-07-22,8.5,16.63,8.13,27,0,18.31,7,0,0,0
30,Engineering,2026-07-23,8.44,18.98,10.53,25,0,20.17,5,0,0,0
30,Engineering,2026-07-24,8.09,18.04,9.95,23,0,17.77,5,0,0,0
30,Engineering,2026-07-25,7.32,17.58,10.27,39,0,20.51,5,0,1,0
30,Engineering,2026-07-26,8.07,17.84,9.78,28,0,21.5,7,0,1,0
30,Engineering,2026-07-27,7.86,16.91,9.04,36,0,19.6,5,0,0,0
31,Finance,2026-04-29,8.74,17.05,8.3,28,0,24.43,5,0,0,0
31,Finance,2026-04-30,8.81,16.74,7.93,19,0,24.1,4,0,0,0
31,Finance,2026-05-01,9.74,17.01,7.28,26,1,21.0,4,0,0,0
31,Finance,2026-05-02,9.09,17.42,8.34,26,0,20.25,6,0,1,0
31,Finance,2026-05-04,8.71,17.51,8.79,27,0,28.19,4,0,0,0
31,Finance,2026-05-05,9.27,17.91,8.63,23,0,27.34,5,0,0,0
31,Finance,2026-05-06,8.53,17.09,8.56,29,0,17.98,4,0,0,0
31,Finance,2026-05-07,8.65,17.17,8.52,27,0,20.63,5,0,0,0
31,Finance,2026-05-08,8.56,16.89,8.33,25,0,23.21,5,0,0,0
31,Finance,2026-05-11,8.97,17.82,8.85,26,0,17.84,5,0,0,0
31,Finance,2026-05-12,9.56,16.72,7.16,23,0,23.26,4,0,0,0
31,Finance,2026-05-13,9.15,16.45,7.3,32,0,22.35,5,0,0,0
31,Finance,2026-05-14,9.2,16.87,7.67,29,0,23.22,6,0,0,0
31,Finance,2026-05-15,8.2,17.3,9.1,25,0,19.59,4,0,0,0
31,Finance,2026-05-18,9.46,17.03,7.56,29,0,20.38,4,0,0,0
31,Finance,2026-05-19,9.91,17.23,7.32,24,1,18.94,6,0,0,0
31,Finance,2026-05-20,9.0,18.51,9.51,27,1,19.2,5,0,0,0
31,Finance,2026-05-21,9.22,16.42,7.2,29,0,26.06,5,0,0,0
31,Finance,2026-05-22,8.7,17.79,9.09,32,0,20.23,4,0,0,0
31,Finance,2026-05-25,7.86,16.37,8.52,29,0,21.49,3,0,0,0
31,Finance,2026-05-26,9.34,16.35,7.01,27,0,20.52,5,0,0,0
31,Finance,2026-05-27,8.84,15.84,7.0,36,0,19.51,5,0,0,0
31,Finance,2026-05-28,8.98,16.79,7.81,34,1,22.49,5,0,0,0
31,Finance,2026-05-29,8.52,18.27,9.74,35,0,30.6,5,0,0,0
31,Finance,2026-05-30,8.64,17.38,8.74,25,2,12.76,4,0,1,0
31,Finance,2026-06-01,8.77,16.54,7.78,23,0,24.34,4,0,0,0
31,Finance,2026-06-02,9.31,17.67,8.36,35,1,24.9,6,0,0,0
31,Finance,2026-06-03,8.57,16.0,7.43,26,1,32.73,3,0,0,0
31,Finance,2026-06-04,9.94,16.07,6.13,15,2,21.12,6,0,0,0
31,Finance,2026-06-05,8.62,16.95,8.33,23,0,24.84,5,0,0,0
31,Finance,2026-06-07,9.56,17.04,7.48,24,0,17.21,5,0,1,0
31,Finance,2026-06-08,8.65,17.62,8.97,25,1,23.65,4,0,0,0
31,Finance,2026-06-09,9.08,16.49,7.41,27,0,20.72,4,0,0,0
31,Finance,2026-06-10,8.92,17.0,8.09,29,0,21.76,5,0,0,0
31,Finance,2026-06-11,9.99,16.75,6.76,27,0,20.6,6,0,0,0
31,Finance,2026-06-12,9.32,18.6,9.28,20,0,15.32,4,0,0,0
31,Finance,2026-06-15,8.53,17.99,9.46,21,0,17.88,6,0,0,0
31,Finance,2026-06-16,8.47,17.21,8.74,25,1,22.25,5,0,0,0
31,Finance,2026-06-17,8.82,17.57,8.74,31,2,25.4,5,0,0,0
31,Finance,2026-06-18,7.89,15.69,7.8,33,1,18.74,4,0,0,0
31,Finance,2026-06-19,8.97,17.21,8.24,26,0,22.32,6,0,0,0
31,Finance,2026-06-22,9.05,18.54,9.5,23,0,20.03,4,0,0,0
31,Finance,2026-06-23,9.77,17.15,7.38,28,1,20.27,4,0,0,0
31,Finance,2026-06-24,9.06,17.81,8.75,26,0,19.97,3,0,0,0
31,Finance,2026-06-25,9.5,17.6,8.1,34,1,17.72,3,0,0,0
31,Finance,2026-06-26,8.66,17.08,8.42,29,1,26.62,5,0,0,0
31,Finance,2026-06-29,9.09,17.42,8.33,21,0,14.07,7,0,0,0
31,Finance,2026-06-30,9.16,17.67,8.51,23,0,17.64,3,0,0,0
31,Finance,2026-07-01,7.99,18.14,10.15,23,0,26.49,4,0,0,0
31,Finance,2026-07-02,8.74,17.53,8.79,28,1,21.75,6,0,0,0
31,Finance,2026-07-03,9.7,17.08,7.39,14,2,23.81,3,0,0,0
31,Finance,2026-07-04,8.62,17.3,8.68,39,0,20.75,4,0,1,0
31,Finance,2026-07-06,8.49,17.4,8.91,37,0,20.34,5,0,0,0
31,Finance,2026-07-07,9.11,17.96,8.85,37,2,22.51,5,0,0,0
31,Finance,2026-07-08,9.18,16.63,7.45,29,0,17.87,5,0,0,0
31,Finance,2026-07-09,8.28,17.44,9.15,28,1,22.19,5,0,0,0
31,Finance,2026-07-10,9.07,16.98,7.9,30,1,26.03,5,0,0,0
31,Finance,2026-07-11,9.6,16.91,7.31,29,0,22.85,4,0,1,0
31,Finance,2026-07-13,9.26,17.69,8.43,23,0,21.65,5,0,0,0
31,Finance,2026-07-14,8.34,18.04,9.71,27,0,28.46,6,0,0,0
31,Finance,2026-07-15,9.22,16.75,7.53,24,0,19.22,5,0,0,0
31,Finance,2026-07-16,8.71,16.71,8.0,28,1,21.85,5,0,0,0
31,Finance,2026-07-17,8.4,16.23,7.83,32,0,20.94,4,0,0,0
31,Finance,2026-07-18,9.21,16.38,7.17,25,0,18.8,6,0,1,0
31,Finance,2026-07-19,8.55,17.45,8.9,20,1,19.48,5,0,1,0
31,Finance,2026-07-20,9.17,17.06,7.89,33,0,21.92,6,0,0,0
31,Finance,2026-07-21,9.59,18.01,8.42,28,1,26.81,3,0,0,0
31,Finance,2026-07-22,8.88,17.45,8.57,30,0,21.43,4,0,0,0
31,Finance,2026-07-23,8.4,17.26,8.86,29,0,20.75,5,0,0,0
31,Finance,2026-07-24,9.13,17.34,8.21,28,0,23.07,5,0,0,0
31,Finance,2026-07-27,8.43,17.1,8.67,30,0,28.7,6,0,0,0
32,IT,2026-04-29,8.33,16.49,8.16,29,0,12.86,2,0,0,0
32,IT,2026-04-30,8.32,17.06,8.74,31,0,6.19,4,0,0,0
32,IT,2026-05-01,8.77,16.57,7.8,24,0,7.16,4,0,0,0
32,IT,2026-05-04,7.54,16.6,9.06,28,0,4.95,4,0,0,0
32,IT,2026-05-05,8.32,17.68,9.36,30,0,0.0,5,0,0,0
32,IT,2026-05-06,9.46,17.12,7.66,36,0,10.61,5,0,0,0
32,IT,2026-05-07,9.07,17.39,8.32,31,0,1.04,3,0,0,0
32,IT,2026-05-08,8.06,15.3,7.24,28,0,13.56,3,0,0,0
32,IT,2026-05-09,8.99,17.33,8.34,31,0,9.16,6,0,1,0
32,IT,2026-05-11,8.77,16.7,7.92,31,0,7.33,3,0,0,0
32,IT,2026-05-12,7.93,17.16,9.23,36,0,8.88,5,0,0,0
32,IT,2026-05-13,7.82,17.05,9.22,19,0,3.12,5,0,0,0
32,IT,2026-05-14,8.61,16.88,8.27,33,0,11.09,4,0,0,0
32,IT,2026-05-15,8.75,16.77,8.03,22,0,6.48,5,0,0,0
32,IT,2026-05-17,8.41,16.59,8.18,34,0,8.54,4,0,1,0
32,IT,2026-05-18,7.79,17.08,9.3,24,0,7.8,3,0,0,0
32,IT,2026-05-19,9.07,17.91,8.85,29,0,7.27,5,0,0,0
32,IT,2026-05-20,8.89,16.77,7.89,32,0,16.02,3,0,0,0
32,IT,2026-05-21,8.31,17.29,8.99,40,0,8.61,2,0,0,0
32,IT,2026-05-22,8.8,16.5,7.71,32,0,2.46,3,0,0,0
32,IT,2026-05-25,7.91,16.62,8.71,22,0,9.06,4,0,0,0
32,IT,2026-05-26,7.89,17.59,9.7,20,0,14.21,5,0,0,0
32,IT,2026-05-27,8.75,17.35,8.6,29,0,1.74,4,0,0,0
32,IT,2026-05-28,7.81,16.81,8.99,24,0,11.8,4,0,0,0
32,IT,2026-05-29,8.94,17.02,8.08,39,0,11.99,6,0,0,0
32,IT,2026-06-01,8.15,16.58,8.43,30,0,9.64,4,0,0,0
32,IT,2026-06-02,8.97,17.22,8.25,27,0,4.07,4,0,0,0
32,IT,2026-06-03,8.65,16.45,7.8,28,0,2.23,5,0,0,0
32,IT,2026-06-04,8.95,16.85,7.9,34,0,8.43,6,0,0,0
32,IT,2026-06-05,7.95,16.94,8.99,34,0,13.87,5,0,0,0
32,IT,2026-06-07,8.08,15.82,7.74,29,0,9.35,5,0,1,0
32,IT,2026-06-08,8.05,17.18,9.13,16,0,4.94,5,0,0,0
32,IT,2026-06-09,8.0,16.15,8.15,27,0,8.61,3,0,0,0
32,IT,2026-06-10,8.58,16.56,7.97,36,0,5.97,4,0,0,0
32,IT,2026-06-11,8.68,16.56,7.88,34,0,11.81,4,0,0,0
32,IT,2026-06-12,8.75,16.26,7.51,33,0,8.83,4,0,0,0
32,IT,2026-06-15,9.22,17.05,7.84,34,0,15.52,3,0,0,0
32,IT,2026-06-16,9.19,16.29,7.1,26,0,7.85,3,0,0,0
32,IT,2026-06-17,8.19,16.78,8.59,28,0,5.24,3,0,0,0
32,IT,2026-06-18,9.31,16.1,6.78,29,0,12.37,5,0,0,0
32,IT,2026-06-19,8.72,16.44,7.72,30,0,3.4,4,0,0,0
32,IT,2026-06-20,8.45,16.45,8.0,28,0,13.95,2,0,1,0
32,IT,2026-06-22,9.11,17.34,8.23,32,0,8.58,3,0,0,0
32,IT,2026-06-23,8.31,17.69,9.38,38,0,7.16,4,0,0,0
32,IT,2026-06-24,8.97,16.87,7.91,31,0,7.66,3,0,0,0
32,IT,2026-06-25,8.41,16.74,8.32,17,0,8.25,6,0,0,0
32,IT,2026-06-26,8.39,16.84,8.45,26,0,3.52,4,0,0,0
32,IT,2026-06-27,8.91,16.32,7.4,25,0,15.04,5,0,1,0
32,IT,2026-06-29,7.99,17.33,9.34,38,0,1.37,4,0,0,0
32,IT,2026-06-30,8.33,16.8,8.47,35,0,2.32,4,0,0,0
32,IT,2026-07-01,8.32,17.52,9.2,32,0,7.27,3,0,0,0
32,IT,2026-07-02,9.93,16.98,7.05,23,0,4.66,5,0,0,0
32,IT,2026-07-03,8.23,16.45,8.22,35,0,11.49,4,0,0,0
32,IT,2026-07-06,9.19,16.39,7.2,38,0,10.05,4,0,0,0
32,IT,2026-07-07,8.41,16.45,8.04,18,0,6.72,4,0,0,0
32,IT,2026-07-08,7.69,17.31,9.62,29,0,12.76,3,0,0,0
32,IT,2026-07-09,9.22,16.55,7.33,30,0,8.76,4,0,0,0
32,IT,2026-07-10,8.75,15.66,6.91,29,0,7.58,2,0,0,0
32,IT,2026-07-13,9.07,16.87,7.8,27,0,11.92,6,0,0,0
32,IT,2026-07-14,8.62,17.64,9.02,29,0,11.75,4,0,0,0
32,IT,2026-07-15,9.51,17.46,7.95,32,0,0.0,5,0,0,0
32,IT,2026-07-16,7.98,17.03,9.05,36,0,10.66,5,0,0,0
32,IT,2026-07-17,8.41,15.9,7.49,26,0,6.58,4,0,0,0
32,IT,2026-07-20,9.23,16.21,6.98,36,0,11.4,4,0,0,0
32,IT,2026-07-21,8.12,16.45,8.33,26,0,14.74,5,0,0,0
32,IT,2026-07-22,9.03,16.87,7.84,29,0,9.25,4,0,0,0
32,IT,2026-07-23,8.55,17.04,8.48,24,0,8.97,4,0,0,0
32,IT,2026-07-24,8.24,17.2,8.96,39,0,13.01,4,0,0,0
32,IT,2026-07-27,8.66,16.8,8.14,31,0,17.95,4,0,0,0
33,Legal,2026-04-29,8.51,17.5,8.99,14,0,11.0,2,0,0,0
33,Legal,2026-04-30,10.25,17.82,7.56,10,0,15.16,2,0,0,0
33,Legal,2026-05-01,8.64,17.38,8.74,22,0,17.99,2,0,0,0
33,Legal,2026-05-04,8.53,17.78,9.25,26,0,16.95,2,0,0,0
33,Legal,2026-05-05,9.48,17.57,8.09,13,0,8.57,4,0,0,0
33,Legal,2026-05-06,9.04,17.63,8.59,19,0,11.8,1,0,0,0
33,Legal,2026-05-07,8.95,17.4,8.45,12,0,15.2,2,0,0,0
33,Legal,2026-05-08,8.48,17.98,9.5,18,0,18.98,2,0,0,0
33,Legal,2026-05-11,9.04,17.8,8.75,19,0,19.24,3,0,0,0
33,Legal,2026-05-12,7.81,17.65,9.85,18,0,22.84,2,0,0,0
33,Legal,2026-05-13,9.19,18.06,8.87,9,0,17.4,1,0,0,0
33,Legal,2026-05-14,9.1,18.18,9.08,16,0,10.8,2,0,0,0
33,Legal,2026-05-15,9.48,18.17,8.68,12,0,11.71,3,0,0,0
33,Legal,2026-05-18,9.16,17.44,8.29,14,0,12.77,3,0,0,0
33,Legal,2026-05-19,9.77,17.47,7.71,16,0,16.55,1,0,0,0
33,Legal,2026-05-20,9.56,19.38,9.83,16,0,21.43,1,0,0,0
33,Legal,2026-05-21,8.78,18.17,9.39,11,0,16.14,3,0,0,0
33,Legal,2026-05-22,8.7,18.75,10.05,6,0,13.72,2,0,0,0
33,Legal,2026-05-25,8.68,18.87,10.19,19,0,20.15,2,0,0,0
33,Legal,2026-05-26,8.53,17.64,9.11,12,0,13.55,3,0,0,0
33,Legal,2026-05-27,9.3,18.02,8.72,15,0,20.37,1,0,0,0
33,Legal,2026-05-28,9.53,16.86,7.32,12,0,22.03,3,0,0,0
33,Legal,2026-05-29,8.91,18.67,9.77,18,0,18.21,2,0,0,0
33,Legal,2026-05-30,9.45,18.76,9.31,7,0,14.31,2,0,1,0
33,Legal,2026-06-01,8.9,18.76,9.86,22,0,15.05,1,0,0,0
33,Legal,2026-06-02,9.11,19.37,10.25,16,0,19.07,3,0,0,0
33,Legal,2026-06-03,9.63,19.24,9.62,21,0,15.67,1,0,0,0
33,Legal,2026-06-04,9.35,18.01,8.65,19,0,12.54,2,0,0,0
33,Legal,2026-06-05,9.14,17.56,8.41,15,0,19.14,4,0,0,0
33,Legal,2026-06-06,9.45,17.72,8.27,15,0,8.83,3,0,1,0
33,Legal,2026-06-08,9.02,17.81,8.79,17,0,20.42,1,0,0,0
33,Legal,2026-06-09,8.16,18.77,10.61,10,0,17.82,4,0,0,0
33,Legal,2026-06-10,9.56,17.54,7.98,8,0,12.88,3,0,0,0
33,Legal,2026-06-11,9.01,18.94,9.93,19,0,13.07,3,0,0,0
33,Legal,2026-06-12,9.89,17.93,8.04,18,0,12.49,2,0,0,0
33,Legal,2026-06-15,8.89,18.39,9.5,18,0,28.43,2,0,0,0
33,Legal,2026-06-16,8.75,18.08,9.33,11,0,14.04,3,0,0,0
33,Legal,2026-06-17,8.8,18.46,9.66,18,0,16.99,3,0,0,0
33,Legal,2026-06-18,8.99,16.92,7.93,16,0,16.3,2,0,0,0
33,Legal,2026-06-19,9.46,18.58,9.12,16,0,16.38,4,0,0,0
33,Legal,2026-06-22,8.6,18.44,9.84,14,0,17.55,2,0,0,0
33,Legal,2026-06-23,9.22,18.54,9.32,22,0,18.63,4,0,0,0
33,Legal,2026-06-24,8.42,16.8,8.38,4,0,20.45,3,0,0,0
33,Legal,2026-06-25,8.78,17.89,9.11,17,0,13.1,2,0,0,0
33,Legal,2026-06-26,8.81,17.68,8.87,16,0,22.64,1,0,0,0
33,Legal,2026-06-29,9.41,17.82,8.41,18,0,17.67,2,0,0,0
33,Legal,2026-06-30,8.46,17.44,8.97,19,0,21.7,2,0,0,0
33,Legal,2026-07-01,9.84,18.09,8.25,10,0,15.15,4,0,0,0
33,Legal,2026-07-02,8.84,18.04,9.2,21,0,20.46,3,0,0,0
33,Legal,2026-07-03,9.41,18.76,9.35,17,0,21.11,3,0,0,0
33,Legal,2026-07-06,9.07,17.54,8.48,10,0,15.16,3,0,0,0
33,Legal,2026-07-07,10.04,18.37,8.33,16,0,15.59,2,0,0,0
33,Legal,2026-07-08,9.2,17.96,8.75,14,0,19.27,2,0,0,0
33,Legal,2026-07-09,9.01,17.71,8.7,16,0,19.41,3,0,0,0
33,Legal,2026-07-10,9.03,18.69,9.66,20,0,16.15,4,0,0,0
33,Legal,2026-07-13,8.54,17.11,8.58,16,0,19.98,3,0,0,0
33,Legal,2026-07-14,9.61,17.88,8.26,16,0,16.06,1,0,0,0
33,Legal,2026-07-15,10.03,18.84,8.81,20,0,21.13,2,0,0,0
33,Legal,2026-07-16,9.54,17.84,8.3,16,0,9.02,2,0,0,0
33,Legal,2026-07-17,8.37,17.37,9.0,15,0,13.16,3,0,0,0
33,Legal,2026-07-19,9.98,18.52,8.55,12,0,13.13,2,0,1,0
33,Legal,2026-07-20,9.58,17.06,7.48,11,0,22.11,1,0,0,0
33,Legal,2026-07-21,9.08,19.04,9.97,25,0,19.19,4,0,0,0
33,Legal,2026-07-22,8.67,17.6,8.94,24,0,14.93,1,0,0,0
33,Legal,2026-07-23,9.35,18.01,8.66,16,0,6.47,1,0,0,0
33,Legal,2026-07-24,9.29,17.94,8.65,13,0,17.55,2,0,0,0
33,Legal,2026-07-27,9.01,17.0,7.99,12,0,20.35,2,0,0,0
34,Legal,2026-04-29,8.51,18.68,10.17,22,0,11.61,4,0,0,0
34,Legal,2026-04-30,8.14,17.87,9.74,22,0,0.0,3,0,0,0
34,Legal,2026-05-01,8.64,17.89,9.25,25,1,0.0,6,0,0,0
34,Legal,2026-05-02,7.9,17.01,9.11,20,0,3.4,5,0,1,0
34,Legal,2026-05-03,8.49,17.46,8.96,25,0,0.0,5,0,1,0
34,Legal,2026-05-04,8.64,17.48,8.84,25,1,1.19,4,0,0,0
34,Legal,2026-05-05,8.28,18.6,10.32,23,0,5.66,4,0,0,0
34,Legal,2026-05-06,8.71,18.24,9.53,17,1,4.74,5,0,0,0
34,Legal,2026-05-07,7.68,17.88,10.2,19,1,9.53,2,0,0,0
34,Legal,2026-05-08,8.67,17.22,8.55,26,1,2.41,3,0,0,0
34,Legal,2026-05-11,8.23,17.46,9.23,14,1,0.0,5,0,0,0
34,Legal,2026-05-12,8.85,18.4,9.55,23,0,5.03,3,0,0,0
34,Legal,2026-05-13,8.56,18.13,9.57,30,0,1.39,5,0,0,0
34,Legal,2026-05-14,8.76,18.65,9.89,20,2,6.44,4,0,0,0
34,Legal,2026-05-15,9.4,17.36,7.96,16,0,2.67,4,0,0,0
34,Legal,2026-05-16,8.71,17.73,9.02,27,1,3.79,5,0,1,0
34,Legal,2026-05-18,8.74,17.15,8.4,27,3,0.63,4,0,0,0
34,Legal,2026-05-19,9.08,17.46,8.38,23,0,8.27,4,0,0,0
34,Legal,2026-05-20,8.09,18.13,10.04,20,1,0.0,3,0,0,0
34,Legal,2026-05-21,8.5,17.04,8.54,21,0,0.63,3,0,0,0
34,Legal,2026-05-22,8.88,16.88,8.0,23,1,2.16,3,0,0,0
34,Legal,2026-05-23,8.17,19.31,11.14,19,2,0.0,4,0,1,0
34,Legal,2026-05-25,8.45,17.99,9.53,15,1,2.36,3,0,0,0
34,Legal,2026-05-26,8.07,17.7,9.63,17,0,7.17,5,0,0,0
34,Legal,2026-05-27,9.06,16.95,7.89,26,0,0.0,4,0,0,0
34,Legal,2026-05-28,8.14,17.38,9.23,16,0,4.46,6,0,0,0
34,Legal,2026-05-29,8.92,17.13,8.21,16,0,6.16,3,0,0,0
34,Legal,2026-06-01,8.88,17.63,8.75,19,2,10.56,5,0,0,0
34,Legal,2026-06-02,7.37,18.38,11.01,24,0,0.42,3,0,0,0
34,Legal,2026-06-03,8.21,18.64,10.43,27,1,6.38,4,0,0,0
34,Legal,2026-06-04,7.87,17.32,9.46,18,0,5.17,4,0,0,0
34,Legal,2026-06-05,8.21,17.28,9.07,21,1,0.0,5,0,0,0
34,Legal,2026-06-08,8.79,18.01,9.22,21,1,11.3,3,0,0,0
34,Legal,2026-06-09,8.81,18.82,10.01,17,0,6.58,5,0,0,0
34,Legal,2026-06-10,9.59,18.57,8.98,20,0,0.0,5,0,0,0
34,Legal,2026-06-11,8.3,18.63,10.32,24,0,4.63,3,0,0,0
34,Legal,2026-06-12,8.17,17.92,9.76,22,0,8.28,2,0,0,0
34,Legal,2026-06-15,8.68,17.82,9.14,23,3,6.29,4,0,0,0
34,Legal,2026-06-16,8.72,16.98,8.26,16,0,4.78,3,0,0,0
34,Legal,2026-06-17,8.37,17.4,9.03,34,0,3.26,3,0,0,0
34,Legal,2026-06-18,8.91,17.44,8.53,26,0,6.12,4,0,0,0
34,Legal,2026-06-19,7.75,17.57,9.82,22,1,0.0,3,0,0,0
34,Legal,2026-06-22,7.84,18.25,10.4,10,0,4.37,3,0,0,0
34,Legal,2026-06-23,7.71,16.99,9.28,25,1,0.0,4,0,0,0
34,Legal,2026-06-24,8.75,18.25,9.5,23,1,4.46,5,0,0,0
34,Legal,2026-06-25,7.38,17.63,10.25,21,1,1.42,5,0,0,0
34,Legal,2026-06-26,8.18,17.55,9.37,28,0,8.27,4,0,0,0
34,Legal,2026-06-29,9.66,17.9,8.24,22,0,3.07,4,0,0,0
34,Legal,2026-06-30,7.59,17.75,10.16,23,0,3.69,5,0,0,0
34,Legal,2026-07-01,9.09,17.3,8.21,21,1,5.85,4,0,0,0
34,Legal,2026-07-02,8.56,17.71,9.15,17,2,6.77,6,0,0,0
34,Legal,2026-07-03,8.68,17.19,8.51,18,0,4.12,3,0,0,0
34,Legal,2026-07-05,8.48,17.8,9.31,12,1,3.53,5,0,1,0
34,Legal,2026-07-06,9.03,16.21,7.18,20,1,6.65,5,0,0,0
34,Legal,2026-07-07,7.29,17.2,9.91,21,1,6.37,3,0,0,0
34,Legal,2026-07-08,8.2,17.3,9.11,16,0,7.3,3,0,0,0
34,Legal,2026-07-09,8.39,17.88,9.49,28,0,1.13,4,0,0,0
34,Legal,2026-07-10,8.85,17.79,8.94,21,0,0.48,3,0,0,0
34,Legal,2026-07-13,9.05,17.48,8.43,12,1,5.01,3,0,0,0
34,Legal,2026-07-14,8.45,18.0,9.55,26,1,0.12,2,0,0,0
34,Legal,2026-07-15,8.98,17.11,8.14,20,1,6.28,6,0,0,0
34,Legal,2026-07-16,8.73,17.24,8.52,14,0,3.72,5,0,0,0
34,Legal,2026-07-17,8.45,17.91,9.46,22,0,5.86,3,0,0,0
34,Legal,2026-07-20,9.04,18.25,9.21,24,0,0.87,4,0,0,0
34,Legal,2026-07-21,8.6,17.27,8.67,22,0,0.25,3,0,0,0
34,Legal,2026-07-22,8.26,18.11,9.85,18,1,0.0,5,0,0,0
34,Legal,2026-07-23,8.92,18.27,9.36,31,0,1.41,4,0,0,0
34,Legal,2026-07-24,7.43,17.53,10.1,25,0,8.73,5,0,0,0
34,Legal,2026-07-26,8.2,18.81,10.61,34,1,7.19,5,0,1,0
34,Legal,2026-07-27,9.43,17.1,7.67,20,1,9.31,4,0,0,0
35,IT,2026-04-29,10.04,18.3,8.26,22,0,8.74,4,0,0,0
35,IT,2026-04-30,9.4,17.51,8.11,23,0,8.49,6,0,0,0
35,IT,2026-05-01,9.8,18.71,8.91,15,0,5.55,4,0,0,0
35,IT,2026-05-03,10.19,18.49,8.3,20,0,7.38,5,0,1,0
35,IT,2026-05-04,9.07,17.67,8.6,22,0,12.52,5,0,0,0
35,IT,2026-05-05,10.22,17.71,7.5,26,0,12.43,5,0,0,0
35,IT,2026-05-06,9.41,18.29,8.88,21,0,10.6,4,0,0,0
35,IT,2026-05-07,10.78,17.35,6.56,27,0,16.13,5,0,0,0
35,IT,2026-05-08,9.46,18.91,9.45,20,0,13.16,4,0,0,0
35,IT,2026-05-11,9.54,18.05,8.51,31,0,9.67,4,0,0,0
35,IT,2026-05-12,9.11,17.56,8.45,20,0,9.09,3,0,0,0
35,IT,2026-05-13,9.35,17.72,8.38,27,0,4.42,2,0,0,0
35,IT,2026-05-14,8.85,17.39,8.54,25,0,8.98,4,0,0,0
35,IT,2026-05-15,9.53,16.77,7.24,26,0,15.65,4,0,0,0
35,IT,2026-05-18,9.19,17.63,8.44,30,0,10.39,4,0,0,0
35,IT,2026-05-19,9.38,17.64,8.26,25,0,7.05,6,0,0,0
35,IT,2026-05-20,8.92,17.51,8.6,14,0,15.7,4,0,0,0
35,IT,2026-05-21,9.58,18.13,8.55,28,0,11.27,5,0,0,0
35,IT,2026-05-22,9.58,17.32,7.74,23,0,7.62,5,0,0,0
35,IT,2026-05-25,9.52,17.82,8.3,20,0,15.06,5,0,0,0
35,IT,2026-05-26,9.74,16.92,7.18,19,0,15.06,4,0,0,0
35,IT,2026-05-27,9.19,18.59,9.39,13,0,9.96,5,0,0,0
35,IT,2026-05-28,9.79,17.15,7.36,17,0,7.62,5,0,0,0
35,IT,2026-05-29,9.81,17.66,7.85,24,0,7.41,5,0,0,0
35,IT,2026-06-01,9.65,17.69,8.04,26,0,11.27,4,0,0,0
35,IT,2026-06-02,9.24,18.25,9.01,24,0,8.3,4,0,0,0
35,IT,2026-06-03,9.67,17.2,7.53,22,0,3.83,3,0,0,0
35,IT,2026-06-04,9.47,17.52,8.05,24,0,11.54,5,0,0,0
35,IT,2026-06-05,9.77,18.02,8.25,16,0,5.76,4,0,0,0
35,IT,2026-06-08,9.77,17.22,7.46,30,0,4.45,4,0,0,0
35,IT,2026-06-09,9.1,18.33,9.23,14,0,0.0,4,0,0,0
35,IT,2026-06-10,9.66,18.56,8.89,22,0,7.43,3,0,0,0
35,IT,2026-06-11,11.33,17.37,6.04,24,0,12.02,5,0,0,0
35,IT,2026-06-12,9.96,17.73,7.77,13,0,11.03,4,0,0,0
35,IT,2026-06-15,9.52,17.52,8.0,26,0,9.09,4,0,0,0
35,IT,2026-06-16,9.44,18.25,8.81,20,0,19.26,4,0,0,0
35,IT,2026-06-17,9.12,17.63,8.51,25,0,8.01,4,0,0,0
35,IT,2026-06-18,10.22,18.57,8.36,19,0,9.38,4,0,0,0
35,IT,2026-06-19,10.4,17.23,6.84,23,0,10.63,3,0,0,0
35,IT,2026-06-22,10.34,18.6,8.26,22,0,12.88,4,0,0,0
35,IT,2026-06-23,9.27,17.11,7.84,23,0,10.79,4,0,0,0
35,IT,2026-06-24,9.68,18.96,9.28,11,0,12.97,5,0,0,0
35,IT,2026-06-25,10.21,17.07,6.86,20,0,9.03,4,0,0,0
35,IT,2026-06-26,9.16,18.12,8.96,17,0,9.22,5,0,0,0
35,IT,2026-06-29,9.03,18.09,9.06,24,0,2.01,4,0,0,0
35,IT,2026-06-30,9.19,17.01,7.82,16,0,1.76,4,0,0,0
35,IT,2026-07-01,9.22,18.58,9.35,20,0,7.53,2,0,0,0
35,IT,2026-07-02,9.51,18.71,9.19,29,0,8.95,4,0,0,0
35,IT,2026-07-03,10.08,17.28,7.2,23,0,19.87,5,0,0,0
35,IT,2026-07-05,10.09,18.7,8.61,26,0,9.4,3,0,1,0
35,IT,2026-07-06,9.66,17.31,7.65,20,0,6.92,4,0,0,0
35,IT,2026-07-07,8.98,17.48,8.49,24,0,13.04,4,0,0,0
35,IT,2026-07-08,9.54,17.97,8.43,31,0,7.52,6,0,0,0
35,IT,2026-07-09,9.0,16.87,7.86,21,0,10.26,3,0,0,0
35,IT,2026-07-10,9.56,18.14,8.57,17,0,14.47,5,0,0,0
35,IT,2026-07-13,10.35,17.79,7.44,20,0,9.1,5,0,0,0
35,IT,2026-07-14,10.03,17.37,7.34,16,0,5.45,3,0,0,0
35,IT,2026-07-15,10.15,17.98,7.83,26,0,3.61,4,0,0,0
35,IT,2026-07-16,9.86,18.61,8.76,19,0,8.49,6,0,0,0
35,IT,2026-07-17,9.64,18.0,8.36,24,0,3.74,4,0,0,0
35,IT,2026-07-20,9.1,17.84,8.74,20,0,8.38,5,0,0,0
35,IT,2026-07-21,9.77,17.26,7.48,16,0,13.77,4,0,0,0
35,IT,2026-07-22,9.01,17.64,8.63,21,0,5.47,3,0,0,0
35,IT,2026-07-23,10.19,19.39,9.2,23,0,4.99,4,0,0,0
35,IT,2026-07-24,9.79,18.37,8.58,26,0,15.86,4,0,0,0
35,IT,2026-07-27,9.74,17.08,7.34,17,0,5.8,3,0,0,0
36,IT,2026-04-29,9.48,16.51,7.03,36,0,14.06,5,0,0,0
36,IT,2026-04-30,8.63,16.48,7.85,31,1,5.2,2,0,0,0
36,IT,2026-05-01,9.5,17.39,7.89,30,0,4.78,4,0,0,0
36,IT,2026-05-04,8.92,17.05,8.13,34,0,8.94,2,0,0,0
36,IT,2026-05-05,8.88,17.51,8.63,35,0,9.5,3,0,0,0
36,IT,2026-05-06,9.39,18.2,8.81,37,0,14.76,2,0,0,0
36,IT,2026-05-07,8.99,17.68,8.69,38,0,10.52,2,0,0,0
36,IT,2026-05-08,9.36,17.79,8.43,32,0,12.53,5,0,0,0
36,IT,2026-05-11,9.52,17.87,8.36,45,0,16.51,2,0,0,0
36,IT,2026-05-12,7.82,16.81,9.0,26,0,8.83,5,0,0,0
36,IT,2026-05-13,8.38,18.39,10.01,42,0,9.58,3,0,0,0
36,IT,2026-05-14,8.14,18.05,9.91,41,0,12.31,1,0,0,0
36,IT,2026-05-15,8.61,16.64,8.03,50,0,9.15,2,0,0,0
36,IT,2026-05-16,8.37,18.4,10.03,38,0,8.03,3,0,1,0
36,IT,2026-05-18,8.84,19.25,10.41,32,0,4.82,1,0,0,0
36,IT,2026-05-19,8.5,16.94,8.44,42,0,3.84,3,0,0,0
36,IT,2026-05-20,8.56,16.58,8.02,35,1,12.07,5,0,0,0
36,IT,2026-05-21,9.34,17.79,8.45,41,0,5.17,3,0,0,0
36,IT,2026-05-22,8.46,18.01,9.55,47,1,13.71,2,0,0,0
36,IT,2026-05-25,9.18,18.68,9.5,43,0,14.13,1,0,0,0
36,IT,2026-05-26,8.66,17.29,8.63,38,0,10.19,3,0,0,0
36,IT,2026-05-27,8.16,18.27,10.11,35,0,11.46,2,0,0,0
36,IT,2026-05-28,8.15,17.42,9.28,33,1,12.09,4,0,0,0
36,IT,2026-05-29,8.23,17.66,9.43,37,1,16.95,2,0,0,0
36,IT,2026-06-01,8.15,17.77,9.62,39,0,13.49,3,0,0,0
36,IT,2026-06-02,8.87,18.66,9.79,31,0,9.09,1,0,0,0
36,IT,2026-06-03,8.6,18.08,9.48,39,0,5.09,3,0,0,0
36,IT,2026-06-04,9.17,17.94,8.78,45,0,8.93,2,0,0,0
36,IT,2026-06-05,9.86,18.51,8.66,32,0,11.49,4,0,0,0
36,IT,2026-06-08,8.84,17.26,8.42,39,0,9.6,4,0,0,0
36,IT,2026-06-09,9.52,17.56,8.04,31,0,12.34,3,0,0,0
36,IT,2026-06-10,8.93,17.32,8.39,39,0,13.83,3,0,0,0
36,IT,2026-06-11,9.28,17.34,8.05,32,1,6.95,2,0,0,0
36,IT,2026-06-12,8.99,17.96,8.96,40,1,10.64,2,0,0,0
36,IT,2026-06-15,8.35,17.69,9.33,41,1,13.11,2,0,0,0
36,IT,2026-06-16,8.65,17.33,8.68,32,1,9.17,3,0,0,0
36,IT,2026-06-17,8.7,17.51,8.8,23,0,12.15,3,0,0,0
36,IT,2026-06-18,8.38,17.31,8.94,37,1,14.36,3,0,0,0
36,IT,2026-06-19,9.54,17.44,7.9,41,1,8.15,3,0,0,0
36,IT,2026-06-22,8.45,17.5,9.04,36,0,6.42,4,0,0,0
36,IT,2026-06-23,8.68,17.88,9.2,46,0,8.51,4,0,0,0
36,IT,2026-06-24,9.15,17.84,8.7,50,0,8.53,3,0,0,0
36,IT,2026-06-25,8.96,17.94,8.98,34,1,9.0,4,0,0,0
36,IT,2026-06-26,8.72,16.97,8.25,39,0,10.02,3,0,0,0
36,IT,2026-06-29,8.52,18.27,9.76,41,0,15.26,3,0,0,0
36,IT,2026-06-30,9.24,18.44,9.2,32,0,12.23,2,0,0,0
36,IT,2026-07-01,8.63,17.68,9.05,35,0,12.72,4,0,0,0
36,IT,2026-07-02,8.98,18.47,9.49,44,0,13.35,2,0,0,0
36,IT,2026-07-03,8.6,17.56,8.96,40,1,8.2,3,0,0,0
36,IT,2026-07-06,9.1,17.19,8.09,36,0,13.49,2,0,0,0
36,IT,2026-07-07,7.97,17.72,9.74,32,0,11.32,2,0,0,0
36,IT,2026-07-08,9.29,17.71,8.42,50,0,10.66,2,0,0,0
36,IT,2026-07-09,8.7,18.15,9.44,40,0,9.37,4,0,0,0
36,IT,2026-07-10,9.34,18.0,8.66,43,1,13.09,2,0,0,0
36,IT,2026-07-11,8.57,17.45,8.88,37,0,12.2,2,0,1,0
36,IT,2026-07-13,9.02,18.14,9.12,39,0,14.77,2,0,0,0
36,IT,2026-07-14,9.27,16.99,7.72,41,1,4.32,2,0,0,0
36,IT,2026-07-15,7.91,17.13,9.22,30,0,11.31,2,0,0,0
36,IT,2026-07-16,9.0,17.43,8.44,40,0,15.53,4,0,0,0
36,IT,2026-07-17,9.41,17.84,8.43,39,0,7.87,2,0,0,0
36,IT,2026-07-20,8.85,17.07,8.22,37,0,13.24,3,0,0,0
36,IT,2026-07-21,9.38,18.39,9.02,50,0,8.88,3,0,0,0
36,IT,2026-07-22,8.86,16.41,7.55,37,2,14.25,3,0,0,0
36,IT,2026-07-23,9.41,16.92,7.51,40,0,11.75,4,0,0,0
36,IT,2026-07-24,8.63,16.82,8.2,44,0,6.73,4,0,0,0
36,IT,2026-07-27,8.26,16.38,8.12,43,0,12.51,2,0,0,0
37,Legal,2026-04-29,9.1,19.52,10.42,23,0,19.08,3,0,0,0
37,Legal,2026-04-30,9.22,17.26,8.04,23,0,11.0,4,0,0,0
37,Legal,2026-05-01,9.09,19.09,10.0,9,1,12.56,2,0,0,0
37,Legal,2026-05-04,9.32,19.26,9.94,14,0,12.41,4,0,0,0
37,Legal,2026-05-05,9.77,18.65,8.88,18,0,20.84,3,0,0,0
37,Legal,2026-05-06,9.14,20.03,10.89,18,0,9.43,1,0,0,0
37,Legal,2026-05-07,10.01,18.35,8.34,11,0,9.84,2,0,0,0
37,Legal,2026-05-08,9.44,19.61,10.17,9,0,10.43,3,0,0,0
37,Legal,2026-05-11,9.39,18.71,9.31,8,0,8.26,3,0,0,0
37,Legal,2026-05-12,9.76,18.5,8.74,18,0,14.27,2,0,0,0
37,Legal,2026-05-13,8.74,18.42,9.68,16,0,4.78,2,0,0,0
37,Legal,2026-05-14,8.95,19.09,10.14,17,0,14.58,2,0,0,0
37,Legal,2026-05-15,8.11,18.73,10.62,23,0,15.45,3,0,0,0
37,Legal,2026-05-18,9.65,18.84,9.19,5,0,15.11,2,0,0,0
37,Legal,2026-05-19,8.81,18.89,10.08,9,1,11.38,4,0,0,0
37,Legal,2026-05-20,10.12,17.54,7.42,14,0,14.56,3,0,0,0
37,Legal,2026-05-21,9.74,19.11,9.37,16,0,12.77,1,0,0,0
37,Legal,2026-05-22,9.95,19.02,9.07,9,1,7.84,2,0,0,0
37,Legal,2026-05-23,9.45,18.61,9.16,13,1,21.53,3,0,1,0
37,Legal,2026-05-25,9.41,17.15,7.75,15,0,15.4,2,0,0,0
37,Legal,2026-05-26,8.89,19.17,10.29,22,0,6.02,5,0,0,0
37,Legal,2026-05-27,9.32,17.78,8.47,14,0,6.72,2,0,0,0
37,Legal,2026-05-28,8.97,17.47,8.5,17,0,14.33,3,0,0,0
37,Legal,2026-05-29,9.3,19.24,9.94,12,0,6.6,3,0,0,0
37,Legal,2026-06-01,9.53,18.18,8.65,16,0,9.27,3,0,0,0
37,Legal,2026-06-02,8.94,18.14,9.21,11,1,5.88,4,0,0,0
37,Legal,2026-06-03,9.2,17.79,8.6,14,0,13.11,2,0,0,0
37,Legal,2026-06-04,8.88,17.89,9.01,19,0,9.82,1,0,0,0
37,Legal,2026-06-05,10.21,19.0,8.79,15,0,9.28,3,0,0,0
37,Legal,2026-06-06,9.54,18.9,9.36,10,1,18.59,3,0,1,0
37,Legal,2026-06-08,9.26,18.53,9.27,14,0,18.43,2,0,0,0
37,Legal,2026-06-09,9.6,18.02,8.42,16,0,7.06,4,0,0,0
37,Legal,2026-06-10,8.69,19.06,10.36,11,0,17.58,2,0,0,0
37,Legal,2026-06-11,8.83,17.16,8.33,9,0,13.17,3,0,0,0
37,Legal,2026-06-12,9.6,18.2,8.6,4,0,17.36,3,0,0,0
37,Legal,2026-06-14,9.89,17.82,7.93,21,0,9.14,5,0,1,0
37,Legal,2026-06-15,8.54,18.04,9.5,15,0,21.74,3,0,0,0
37,Legal,2026-06-16,8.96,18.25,9.28,18,0,13.94,2,0,0,0
37,Legal,2026-06-17,9.45,18.5,9.06,17,0,13.97,3,0,0,0
37,Legal,2026-06-18,9.13,17.83,8.7,20,0,17.15,4,0,0,0
37,Legal,2026-06-19,9.36,18.33,8.97,18,0,10.33,4,0,0,0
37,Legal,2026-06-22,9.44,19.23,9.79,12,0,11.04,2,0,0,0
37,Legal,2026-06-23,9.14,18.47,9.34,16,1,10.83,3,0,0,0
37,Legal,2026-06-24,9.43,18.35,8.92,17,0,15.84,3,0,0,0
37,Legal,2026-06-25,9.42,18.67,9.25,23,1,7.37,3,0,0,0
37,Legal,2026-06-26,9.06,17.46,8.39,13,1,11.48,3,0,0,0
37,Legal,2026-06-29,8.73,18.84,10.11,15,1,12.81,3,0,0,0
37,Legal,2026-06-30,9.43,17.51,8.08,16,0,8.29,1,0,0,0
37,Legal,2026-07-01,8.87,18.94,10.07,14,0,8.72,4,0,0,0
37,Legal,2026-07-02,9.75,18.41,8.66,18,0,17.23,3,0,0,0
37,Legal,2026-07-03,9.76,19.29,9.53,23,1,8.16,2,0,0,0
37,Legal,2026-07-06,9.01,18.0,8.99,13,0,14.36,2,0,0,0
37,Legal,2026-07-07,8.42,18.31,9.89,10,0,13.17,3,0,0,0
37,Legal,2026-07-08,9.01,19.71,10.7,28,0,11.94,2,0,0,0
37,Legal,2026-07-09,8.48,17.23,8.75,11,0,18.7,2,0,0,0
37,Legal,2026-07-10,9.54,19.62,10.09,14,0,9.73,3,0,0,0
37,Legal,2026-07-13,9.58,18.75,9.17,8,1,10.19,3,0,0,0
37,Legal,2026-07-14,9.41,17.99,8.58,18,0,9.63,1,0,0,0
37,Legal,2026-07-15,9.51,18.32,8.81,18,1,11.42,3,0,0,0
37,Legal,2026-07-16,8.45,17.92,9.47,11,0,8.66,2,0,0,0
37,Legal,2026-07-17,9.2,18.18,8.98,14,0,14.76,3,0,0,0
37,Legal,2026-07-20,8.84,18.0,9.16,10,0,16.29,3,0,0,0
37,Legal,2026-07-21,10.03,18.33,8.3,21,0,8.59,4,0,0,0
37,Legal,2026-07-22,9.13,19.04,9.91,18,0,15.61,4,0,0,0
37,Legal,2026-07-23,9.36,17.8,8.43,15,0,13.59,2,0,0,0
37,Legal,2026-07-24,9.41,18.91,9.5,20,0,17.18,4,0,0,0
37,Legal,2026-07-25,8.96,17.72,8.76,11,0,8.95,5,0,1,0
37,Legal,2026-07-27,9.12,19.16,10.03,24,1,10.14,2,0,0,0
38,Legal,2026-04-29,9.56,18.94,9.37,46,0,25.44,3,0,0,0
38,Legal,2026-04-30,8.62,17.79,9.17,43,0,24.63,2,0,0,0
38,Legal,2026-05-01,8.26,18.8,10.54,45,0,25.16,3,0,0,0
38,Legal,2026-05-03,8.13,18.94,10.81,34,0,20.57,5,0,1,0
38,Legal,2026-05-04,10.34,19.42,9.08,44,0,22.39,3,0,0,0
38,Legal,2026-05-05,9.06,18.67,9.61,30,0,28.65,4,0,0,0
38,Legal,2026-05-06,9.53,18.61,9.08,42,0,28.56,4,0,0,0
38,Legal,2026-05-07,9.16,18.1,8.95,36,0,23.4,3,0,0,0
38,Legal,2026-05-08,8.63,17.78,9.15,40,0,28.54,2,0,0,0
38,Legal,2026-05-11,8.97,17.48,8.52,55,0,23.51,3,0,0,0
38,Legal,2026-05-12,9.22,18.38,9.15,42,0,19.59,3,0,0,0
38,Legal,2026-05-13,8.62,18.74,10.12,40,0,25.83,2,0,0,0
38,Legal,2026-05-14,9.89,18.42,8.54,38,0,22.8,3,0,0,0
38,Legal,2026-05-15,8.63,17.81,9.17,41,1,16.31,4,0,0,0
38,Legal,2026-05-16,9.56,18.76,9.2,41,0,20.63,4,0,1,0
38,Legal,2026-05-17,8.81,17.54,8.73,37,1,25.74,3,0,1,0
38,Legal,2026-05-18,8.52,18.98,10.46,45,0,22.64,4,0,0,0
38,Legal,2026-05-19,8.87,17.44,8.57,47,0,28.32,3,0,0,0
38,Legal,2026-05-20,8.53,17.69,9.17,52,0,26.79,3,0,0,0
38,Legal,2026-05-21,9.44,18.87,9.43,43,1,26.61,2,0,0,0
38,Legal,2026-05-22,9.17,18.59,9.43,50,0,21.63,3,0,0,0
38,Legal,2026-05-25,9.47,19.22,9.75,47,0,28.96,3,0,0,0
38,Legal,2026-05-26,9.49,18.0,8.51,36,0,27.71,2,0,0,0
38,Legal,2026-05-27,9.01,18.53,9.52,43,0,29.17,2,0,0,0
38,Legal,2026-05-28,8.38,18.16,9.78,47,0,24.15,3,0,0,0
38,Legal,2026-05-29,9.06,17.7,8.64,39,0,25.27,3,0,0,0
38,Legal,2026-06-01,9.44,18.45,9.01,46,1,22.21,4,0,0,0
38,Legal,2026-06-02,8.56,18.3,9.74,35,0,25.84,5,0,0,0
38,Legal,2026-06-03,8.76,17.27,8.51,41,0,26.8,5,0,0,0
38,Legal,2026-06-04,8.85,17.93,9.08,30,0,26.63,3,0,0,0
38,Legal,2026-06-05,9.24,18.78,9.55,48,2,25.04,3,0,0,0
38,Legal,2026-06-08,9.38,16.95,7.57,43,0,25.81,3,0,0,0
38,Legal,2026-06-09,9.74,18.38,8.64,43,0,22.33,2,0,0,0
38,Legal,2026-06-10,9.31,17.89,8.58,40,0,28.28,3,0,0,0
38,Legal,2026-06-11,9.86,18.26,8.4,36,1,23.96,2,0,0,0
38,Legal,2026-06-12,9.94,18.29,8.35,39,0,29.77,2,0,0,0
38,Legal,2026-06-15,9.94,19.1,9.16,53,0,34.62,3,0,0,0
38,Legal,2026-06-16,8.64,19.02,10.38,33,1,28.48,4,0,0,0
38,Legal,2026-06-17,9.2,18.33,9.13,39,0,21.05,3,0,0,0
38,Legal,2026-06-18,9.31,18.87,9.56,46,0,15.82,1,0,0,0
38,Legal,2026-06-19,9.62,17.98,8.36,43,1,26.45,4,0,0,0
38,Legal,2026-06-20,8.89,18.94,10.05,36,2,30.05,2,0,1,0
38,Legal,2026-06-21,9.11,18.55,9.44,46,0,26.23,3,0,1,0
38,Legal,2026-06-22,9.19,17.86,8.67,40,2,26.11,2,0,0,0
38,Legal,2026-06-23,9.59,18.59,9.0,33,1,32.49,3,0,0,0
38,Legal,2026-06-24,9.01,18.66,9.65,41,0,28.43,4,0,0,0
38,Legal,2026-06-25,9.31,17.88,8.57,45,0,30.01,4,0,0,0
38,Legal,2026-06-26,9.37,18.49,9.12,45,0,23.68,3,0,0,0
38,Legal,2026-06-27,9.19,18.91,9.73,42,0,22.06,4,0,1,0
38,Legal,2026-06-29,9.5,18.81,9.31,37,0,28.76,3,0,0,0
38,Legal,2026-06-30,10.2,17.97,7.77,41,0,27.1,1,0,0,0
38,Legal,2026-07-01,9.35,18.94,9.59,46,0,19.92,3,0,0,0
38,Legal,2026-07-02,9.51,17.52,8.01,45,0,28.52,3,0,0,0
38,Legal,2026-07-03,8.76,17.98,9.23,34,0,23.32,2,0,0,0
38,Legal,2026-07-06,8.49,17.69,9.2,48,0,24.65,3,0,0,0
38,Legal,2026-07-07,9.19,18.43,9.24,35,0,24.51,3,0,0,0
38,Legal,2026-07-08,8.06,18.39,10.32,39,0,25.44,4,0,0,0
38,Legal,2026-07-09,8.96,18.08,9.13,38,0,19.4,3,0,0,0
38,Legal,2026-07-10,9.76,17.32,7.56,36,0,23.6,4,0,0,0
38,Legal,2026-07-13,8.91,18.15,9.24,37,0,24.18,3,0,0,0
38,Legal,2026-07-14,9.12,19.07,9.95,43,1,27.57,2,0,0,0
38,Legal,2026-07-15,9.45,18.55,9.1,45,0,21.92,4,0,0,0
38,Legal,2026-07-16,9.47,18.51,9.04,41,0,24.35,3,0,0,0
38,Legal,2026-07-17,8.89,18.12,9.23,40,0,19.83,3,0,0,0
38,Legal,2026-07-18,9.85,18.11,8.26,33,0,25.65,3,0,1,0
38,Legal,2026-07-20,9.39,19.77,10.38,35,0,27.94,2,0,0,0
38,Legal,2026-07-21,8.58,18.57,10.0,44,0,20.97,3,0,0,0
38,Legal,2026-07-22,9.09,18.66,9.57,43,1,18.52,3,0,0,0
38,Legal,2026-07-23,9.31,18.16,8.84,45,0,27.59,2,0,0,0
38,Legal,2026-07-24,8.76,17.62,8.85,41,1,32.35,4,0,0,0
38,Legal,2026-07-27,9.5,18.81,9.31,53,0,24.05,2,0,0,0
39,HR,2026-04-29,8.57,16.52,7.95,24,2,13.87,2,0,0,0
39,HR,2026-04-30,9.01,17.07,8.06,26,1,17.61,1,0,0,0
39,HR,2026-05-01,7.93,17.66,9.73,14,1,18.26,3,0,0,0
39,HR,2026-05-03,8.39,17.18,8.78,30,3,14.64,3,0,1,0
39,HR,2026-05-04,8.56,17.15,8.59,25,1,13.26,4,0,0,0
39,HR,2026-05-05,8.56,17.1,8.54,97,0,560.24,2,0,0,1
39,HR,2026-05-06,8.92,16.4,7.48,33,1,14.94,2,0,0,0
39,HR,2026-05-07,8.23,17.6,9.37,33,1,19.14,3,0,0,0
39,HR,2026-05-08,8.66,17.83,9.17,26,1,10.87,2,0,0,0
39,HR,2026-05-11,8.34,16.39,8.05,16,0,6.84,2,0,0,0
39,HR,2026-05-12,8.92,17.77,8.85,24,1,7.45,2,0,0,0
39,HR,2026-05-13,8.16,17.51,9.35,19,2,13.74,3,0,0,0
39,HR,2026-05-14,7.49,17.7,10.22,15,1,15.31,3,0,0,0
39,HR,2026-05-15,8.72,17.33,8.61,17,0,16.77,3,0,0,0
39,HR,2026-05-18,8.67,17.17,8.5,26,0,13.77,3,0,0,0
39,HR,2026-05-19,1.0,2.04,1.04,276,0,14.88,2,1,0,1
39,HR,2026-05-20,9.01,17.97,8.96,24,0,24.68,2,0,0,0
39,HR,2026-05-21,8.2,17.7,9.5,24,0,9.18,1,0,0,0
39,HR,2026-05-22,8.43,17.3,8.87,14,1,14.45,1,0,0,0
39,HR,2026-05-25,8.4,17.67,9.27,24,0,17.24,3,0,0,0
39,HR,2026-05-26,8.56,17.1,8.54,104,0,305.21,2,0,0,1
39,HR,2026-05-27,9.02,16.98,7.95,25,2,12.1,2,0,0,0
39,HR,2026-05-28,8.91,16.62,7.72,29,2,11.78,2,0,0,0
39,HR,2026-05-29,8.55,17.16,8.61,20,0,22.59,3,0,0,0
39,HR,2026-06-01,9.01,17.77,8.77,19,1,19.41,3,0,0,0
39,HR,2026-06-02,3.0,4.53,1.53,166,0,14.88,2,1,0,1
39,HR,2026-06-03,8.47,16.7,8.23,24,1,16.24,2,0,0,0
39,HR,2026-06-04,8.21,17.46,9.25,19,0,13.75,2,0,0,0
39,HR,2026-06-05,8.7,17.36,8.66,20,0,18.12,5,0,0,0
39,HR,2026-06-08,7.25,18.74,11.49,30,0,17.92,5,0,0,0
39,HR,2026-06-09,8.63,16.26,7.62,25,2,15.75,3,0,0,0
39,HR,2026-06-10,9.32,17.13,7.81,19,4,9.34,1,0,0,0
39,HR,2026-06-11,8.92,16.51,7.59,25,0,19.53,1,0,0,0
39,HR,2026-06-12,9.1,16.49,7.39,22,1,11.15,4,0,0,0
39,HR,2026-06-14,8.34,17.01,8.68,28,1,12.59,3,0,1,0
39,HR,2026-06-15,8.15,17.24,9.09,23,1,18.53,3,0,0,0
39,HR,2026-06-16,9.1,18.22,9.12,24,1,19.3,1,0,0,0
39,HR,2026-06-17,8.24,17.97,9.73,24,1,6.54,1,0,0,0
39,HR,2026-06-18,9.08,16.38,7.3,23,2,19.55,3,0,0,0
39,HR,2026-06-19,9.47,16.13,6.66,30,1,20.08,1,0,0,0
39,HR,2026-06-22,8.79,16.53,7.74,15,0,20.49,4,0,0,0
39,HR,2026-06-23,9.72,16.83,7.12,13,2,19.73,3,0,0,0
39,HR,2026-06-24,8.23,16.67,8.43,29,1,15.39,4,0,0,0
39,HR,2026-06-25,8.92,16.54,7.62,21,0,16.46,2,0,0,0
39,HR,2026-06-26,8.31,16.79,8.48,27,1,15.25,1,0,0,0
39,HR,2026-06-29,8.12,15.99,7.86,27,0,11.81,2,0,0,0
39,HR,2026-06-30,8.09,16.77,8.68,23,2,3.42,1,0,0,0
39,HR,2026-07-01,8.35,17.05,8.7,21,2,7.89,3,0,0,0
39,HR,2026-07-02,8.56,17.1,8.54,81,0,346.61,2,0,0,1
39,HR,2026-07-03,8.62,17.19,8.57,10,2,14.82,3,0,0,0
39,HR,2026-07-06,8.39,16.96,8.57,28,0,6.25,1,0,0,0
39,HR,2026-07-07,8.49,17.15,8.66,20,1,16.7,3,0,0,0
39,HR,2026-07-08,8.78,17.03,8.25,25,0,5.35,3,0,0,0
39,HR,2026-07-09,8.59,16.81,8.22,30,1,13.78,2,0,0,0
39,HR,2026-07-10,8.57,17.32,8.75,26,3,13.97,3,0,0,0
39,HR,2026-07-12,9.73,17.54,7.81,20,2,15.7,3,0,1,0
39,HR,2026-07-13,7.87,18.27,10.4,28,0,14.52,2,0,0,0
39,HR,2026-07-14,8.34,17.02,8.68,22,1,15.68,2,0,0,0
39,HR,2026-07-15,8.27,17.8,9.52,22,0,13.48,4,0,0,0
39,HR,2026-07-16,8.71,16.63,7.92,17,0,11.67,4,0,0,0
39,HR,2026-07-17,7.24,16.89,9.65,22,0,20.01,3,0,0,0
39,HR,2026-07-20,4.0,5.42,1.42,23,0,14.88,2,1,0,1
39,HR,2026-07-21,8.76,17.38,8.62,24,0,15.34,4,0,0,0
39,HR,2026-07-22,9.14,18.07,8.93,27,2,15.0,2,0,0,0
39,HR,2026-07-23,8.05,18.09,10.03,27,1,11.55,2,0,0,0
39,HR,2026-07-24,8.62,16.4,7.78,26,1,15.38,4,0,0,0
39,HR,2026-07-27,8.16,17.85,9.69,27,0,15.28,2,0,0,0
40,Sales,2026-04-29,9.08,16.91,7.83,47,0,10.33,2,0,0,0
40,Sales,2026-04-30,9.41,16.68,7.27,31,0,13.91,5,0,0,0
40,Sales,2026-05-01,9.22,16.78,7.57,38,0,11.21,5,0,0,0
40,Sales,2026-05-04,8.63,16.43,7.8,37,0,11.65,5,0,0,0
40,Sales,2026-05-05,8.95,16.9,7.95,37,0,12.09,4,0,0,0
40,Sales,2026-05-06,9.31,17.71,8.4,33,0,16.63,4,0,0,0
40,Sales,2026-05-07,8.82,16.24,7.42,39,0,10.94,4,0,0,0
40,Sales,2026-05-08,9.17,17.92,8.75,32,0,20.91,5,0,0,0
40,Sales,2026-05-11,9.01,17.75,8.74,38,0,15.72,5,0,0,0
40,Sales,2026-05-12,9.38,16.22,6.84,35,0,17.05,4,0,0,0
40,Sales,2026-05-13,8.82,17.43,8.61,32,0,15.51,4,0,0,0
40,Sales,2026-05-14,8.89,17.02,8.13,39,0,11.26,3,0,0,0
40,Sales,2026-05-15,9.74,16.17,6.43,30,0,15.49,2,0,0,0
40,Sales,2026-05-18,7.85,16.34,8.5,29,0,7.48,3,0,0,0
40,Sales,2026-05-19,9.81,16.87,7.06,42,0,15.25,5,0,0,0
40,Sales,2026-05-20,8.54,17.12,8.58,36,0,14.51,5,0,0,0
40,Sales,2026-05-21,9.94,16.89,6.95,38,0,15.83,4,0,0,0
40,Sales,2026-05-22,9.71,17.06,7.36,36,0,17.86,4,0,0,0
40,Sales,2026-05-25,9.31,16.61,7.3,35,0,1.77,3,0,0,0
40,Sales,2026-05-26,9.31,17.15,7.84,33,0,18.08,4,0,0,0
40,Sales,2026-05-27,9.7,17.64,7.95,39,0,19.7,3,0,0,0
40,Sales,2026-05-28,8.3,18.09,9.79,41,0,17.93,5,0,0,0
40,Sales,2026-05-29,9.67,16.82,7.15,37,0,11.56,3,0,0,0
40,Sales,2026-06-01,8.06,16.72,8.65,33,0,11.82,4,0,0,0
40,Sales,2026-06-02,8.31,18.53,10.22,31,0,10.08,5,0,0,0
40,Sales,2026-06-03,9.33,17.65,8.32,34,0,10.38,3,0,0,0
40,Sales,2026-06-04,8.69,17.36,8.67,33,0,5.37,5,0,0,0
40,Sales,2026-06-05,8.76,17.58,8.82,36,0,14.53,6,0,0,0
40,Sales,2026-06-08,8.4,18.39,9.99,37,0,15.91,1,0,0,0
40,Sales,2026-06-09,9.04,16.91,7.87,45,0,14.99,3,0,0,0
40,Sales,2026-06-10,9.64,18.13,8.49,45,0,15.41,3,0,0,0
40,Sales,2026-06-11,8.96,16.88,7.91,39,0,9.98,3,0,0,0
40,Sales,2026-06-12,9.92,17.31,7.39,35,0,7.96,4,0,0,0
40,Sales,2026-06-15,9.22,17.21,7.99,37,0,14.06,4,0,0,0
40,Sales,2026-06-16,9.2,17.57,8.36,37,0,11.81,4,0,0,0
40,Sales,2026-06-17,9.13,17.8,8.67,36,0,11.7,3,0,0,0
40,Sales,2026-06-18,8.1,16.38,8.28,33,0,9.7,4,0,0,0
40,Sales,2026-06-19,8.31,17.14,8.82,42,0,9.04,3,0,0,0
40,Sales,2026-06-22,8.19,16.56,8.37,44,0,14.38,6,0,0,0
40,Sales,2026-06-23,8.48,18.03,9.55,34,0,10.36,6,0,0,0
40,Sales,2026-06-24,8.43,18.08,9.65,37,0,8.05,2,0,0,0
40,Sales,2026-06-25,8.9,16.45,7.55,36,0,4.74,4,0,0,0
40,Sales,2026-06-26,8.08,17.09,9.01,31,0,17.26,2,0,0,0
40,Sales,2026-06-29,8.71,16.38,7.67,29,0,15.49,4,0,0,0
40,Sales,2026-06-30,8.31,17.62,9.3,35,0,9.73,3,0,0,0
40,Sales,2026-07-01,8.47,16.65,8.18,39,0,18.56,2,0,0,0
40,Sales,2026-07-02,8.68,17.03,8.35,40,0,16.31,3,0,0,0
40,Sales,2026-07-03,8.53,17.47,8.94,29,0,3.78,6,0,0,0
40,Sales,2026-07-05,9.12,17.33,8.21,42,0,16.11,2,0,1,0
40,Sales,2026-07-06,9.48,17.43,7.95,39,0,14.05,1,0,0,0
40,Sales,2026-07-07,8.74,16.55,7.8,32,0,10.41,4,0,0,0
40,Sales,2026-07-08,8.99,17.39,8.4,35,0,13.86,3,0,0,0
40,Sales,2026-07-09,9.32,17.54,8.22,38,0,9.15,4,0,0,0
40,Sales,2026-07-10,8.97,17.2,8.23,35,0,9.74,4,0,0,0
40,Sales,2026-07-11,8.59,17.9,9.32,39,0,10.78,4,0,1,0
40,Sales,2026-07-13,9.4,18.35,8.94,41,0,11.26,5,0,0,0
40,Sales,2026-07-14,9.95,17.64,7.7,29,0,14.83,5,0,0,0
40,Sales,2026-07-15,7.82,17.69,9.87,37,0,17.62,4,0,0,0
40,Sales,2026-07-16,9.02,17.34,8.32,41,0,14.15,3,0,0,0
40,Sales,2026-07-17,8.72,17.12,8.41,44,0,14.3,3,0,0,0
40,Sales,2026-07-20,8.61,17.58,8.97,37,0,18.2,3,0,0,0
40,Sales,2026-07-21,9.57,17.72,8.15,35,0,8.85,6,0,0,0
40,Sales,2026-07-22,8.4,17.31,8.91,39,0,12.4,4,0,0,0
40,Sales,2026-07-23,8.38,18.29,9.9,33,0,11.78,2,0,0,0
40,Sales,2026-07-24,9.37,18.26,8.89,48,0,16.9,3,0,0,0
40,Sales,2026-07-27,8.85,16.93,8.08,31,0,11.18,5,0,0,0
41,Finance,2026-04-29,8.6,18.28,9.67,21,0,17.06,3,0,0,0
41,Finance,2026-04-30,8.48,20.21,11.73,24,0,14.72,4,0,0,0
41,Finance,2026-05-01,8.96,19.08,10.12,32,2,6.73,3,0,0,0
41,Finance,2026-05-03,10.03,19.71,9.68,33,0,13.7,4,0,1,0
41,Finance,2026-05-04,9.3,19.43,10.14,27,0,17.52,3,0,0,0
41,Finance,2026-05-05,8.75,18.92,10.17,31,1,13.79,3,0,0,0
41,Finance,2026-05-06,8.41,19.62,11.21,15,1,13.13,4,0,0,0
41,Finance,2026-05-07,9.16,18.71,9.55,29,0,16.73,2,0,0,0
41,Finance,2026-05-08,8.64,19.7,11.07,35,0,14.32,4,0,0,0
41,Finance,2026-05-10,9.5,20.02,10.51,41,0,14.48,4,0,1,0
41,Finance,2026-05-11,9.1,19.32,10.22,28,0,23.51,5,0,0,0
41,Finance,2026-05-12,10.48,20.07,9.59,26,1,16.7,3,0,0,0
41,Finance,2026-05-13,8.93,19.83,10.9,30,2,10.19,2,0,0,0
41,Finance,2026-05-14,8.39,19.89,11.5,30,1,14.51,4,0,0,0
41,Finance,2026-05-15,9.07,19.9,10.83,30,0,15.67,5,0,0,0
41,Finance,2026-05-18,8.37,19.81,11.45,33,1,12.28,2,0,0,0
41,Finance,2026-05-19,8.54,19.98,11.45,23,1,20.23,5,0,0,0
41,Finance,2026-05-20,9.7,19.72,10.02,29,2,16.59,3,0,0,0
41,Finance,2026-05-21,8.8,20.57,11.78,31,2,15.4,3,0,0,0
41,Finance,2026-05-22,8.94,19.94,11.0,26,0,19.89,5,0,0,0
41,Finance,2026-05-25,8.79,18.54,9.75,27,1,18.83,3,0,0,0
41,Finance,2026-05-26,9.38,19.5,10.12,35,0,11.13,2,0,0,0
41,Finance,2026-05-27,8.94,19.71,10.76,34,1,17.53,4,0,0,0
41,Finance,2026-05-28,8.42,19.73,11.31,31,1,18.75,3,0,0,0
41,Finance,2026-05-29,8.87,19.9,11.03,34,3,13.2,2,0,0,0
41,Finance,2026-06-01,9.84,19.65,9.81,36,2,9.89,6,0,0,0
41,Finance,2026-06-02,9.69,19.54,9.84,33,1,14.28,2,0,0,0
41,Finance,2026-06-03,8.86,19.66,10.81,29,1,9.17,2,0,0,0
41,Finance,2026-06-04,8.91,20.78,11.87,40,1,15.74,4,0,0,0
41,Finance,2026-06-05,9.77,18.91,9.14,34,0,14.49,4,0,0,0
41,Finance,2026-06-08,8.75,19.65,10.9,31,2,19.76,4,0,0,0
41,Finance,2026-06-09,9.74,19.65,9.91,20,1,13.79,4,0,0,0
41,Finance,2026-06-10,9.27,19.44,10.17,30,0,10.1,4,0,0,0
41,Finance,2026-06-11,8.95,19.44,10.5,27,0,22.76,4,0,0,0
41,Finance,2026-06-12,9.64,18.99,9.35,27,0,15.99,3,0,0,0
41,Finance,2026-06-14,9.23,20.92,11.69,19,0,16.47,2,0,1,0
41,Finance,2026-06-15,8.7,19.58,10.89,36,2,2.45,3,0,0,0
41,Finance,2026-06-16,8.53,19.58,11.05,23,1,17.2,5,0,0,0
41,Finance,2026-06-17,8.83,19.94,11.11,30,0,15.1,4,0,0,0
41,Finance,2026-06-18,9.0,19.21,10.21,32,1,4.91,3,0,0,0
41,Finance,2026-06-19,9.51,18.93,9.42,30,0,15.05,3,0,0,0
41,Finance,2026-06-22,9.4,18.81,9.41,27,0,20.14,3,0,0,0
41,Finance,2026-06-23,9.21,19.97,10.75,27,1,16.51,5,0,0,0
41,Finance,2026-06-24,9.49,20.25,10.77,17,0,11.3,3,0,0,0
41,Finance,2026-06-25,9.17,18.75,9.58,24,0,10.39,5,0,0,0
41,Finance,2026-06-26,8.15,20.41,12.26,39,0,17.22,4,0,0,0
41,Finance,2026-06-28,8.66,19.39,10.73,22,0,13.33,4,0,1,0
41,Finance,2026-06-29,8.61,19.67,11.06,26,0,11.07,4,0,0,0
41,Finance,2026-06-30,9.58,20.6,11.02,15,1,10.45,2,0,0,0
41,Finance,2026-07-01,8.54,19.72,11.18,28,3,15.14,4,0,0,0
41,Finance,2026-07-02,9.06,20.04,10.98,17,0,19.96,4,0,0,0
41,Finance,2026-07-03,8.94,20.22,11.27,26,1,20.01,3,0,0,0
41,Finance,2026-07-06,8.89,19.35,10.46,26,0,10.91,4,0,0,0
41,Finance,2026-07-07,9.1,19.94,10.84,29,2,17.38,3,0,0,0
41,Finance,2026-07-08,8.98,20.18,11.2,28,2,19.39,2,0,0,0
41,Finance,2026-07-09,9.05,20.23,11.18,25,0,3.93,2,0,0,0
41,Finance,2026-07-10,8.84,20.92,12.08,28,1,9.14,4,0,0,0
41,Finance,2026-07-13,9.87,19.74,9.87,31,1,17.14,4,0,0,0
41,Finance,2026-07-14,8.22,18.78,10.56,24,1,14.86,4,0,0,0
41,Finance,2026-07-15,8.51,19.84,11.33,32,2,12.35,4,0,0,0
41,Finance,2026-07-16,9.73,18.4,8.66,32,0,7.63,4,0,0,0
41,Finance,2026-07-17,9.63,19.31,9.68,26,1,11.78,3,0,0,0
41,Finance,2026-07-19,9.81,19.81,10.0,34,0,14.93,6,0,1,0
41,Finance,2026-07-20,8.44,20.36,11.92,33,1,14.91,3,0,0,0
41,Finance,2026-07-21,9.58,20.32,10.74,33,2,13.96,4,0,0,0
41,Finance,2026-07-22,8.85,20.23,11.38,31,0,8.55,5,0,0,0
41,Finance,2026-07-23,8.64,20.11,11.47,22,0,17.91,3,0,0,0
41,Finance,2026-07-24,9.18,19.99,10.81,29,1,11.68,5,0,0,0
41,Finance,2026-07-27,8.96,19.21,10.25,33,0,11.21,4,0,0,0
42,HR,2026-04-29,10.18,19.71,9.54,14,2,13.63,3,0,0,0
42,HR,2026-04-30,8.75,18.58,9.83,27,0,17.69,4,0,0,0
42,HR,2026-05-01,9.46,19.27,9.8,18,0,16.72,4,0,0,0
42,HR,2026-05-04,8.52,19.16,10.63,9,1,23.53,3,0,0,0
42,HR,2026-05-05,8.8,18.51,9.71,22,0,12.6,5,0,0,0
42,HR,2026-05-06,9.25,17.61,8.35,13,0,14.19,3,0,0,0
42,HR,2026-05-07,8.78,18.78,10.0,19,1,13.15,5,0,0,0
42,HR,2026-05-08,9.84,17.32,7.49,24,2,20.7,5,0,0,0
42,HR,2026-05-11,9.76,18.8,9.05,15,0,17.33,3,0,0,0
42,HR,2026-05-12,9.27,18.82,9.56,15,0,14.72,3,0,0,0
42,HR,2026-05-13,9.76,17.91,8.15,17,0,24.81,4,0,0,0
42,HR,2026-05-14,9.22,18.39,9.16,16,2,20.89,5,0,0,0
42,HR,2026-05-15,9.03,18.43,9.4,13,1,20.18,3,0,0,0
42,HR,2026-05-17,8.91,18.29,9.38,23,1,15.43,3,0,1,0
42,HR,2026-05-18,8.92,18.56,9.64,11,0,21.03,5,0,0,0
42,HR,2026-05-19,8.95,18.81,9.87,19,1,14.13,4,0,0,0
42,HR,2026-05-20,8.36,17.21,8.86,18,1,19.84,3,0,0,0
42,HR,2026-05-21,8.96,18.98,10.02,20,0,16.86,4,0,0,0
42,HR,2026-05-22,9.22,20.42,11.2,22,0,15.42,4,0,0,0
42,HR,2026-05-23,9.01,18.77,9.76,11,0,24.29,4,0,1,0
42,HR,2026-05-25,10.16,20.28,10.11,17,1,23.0,5,0,0,0
42,HR,2026-05-26,9.29,19.03,9.74,12,0,18.5,5,0,0,0
42,HR,2026-05-27,9.21,19.77,10.56,17,0,21.59,4,0,0,0
42,HR,2026-05-28,10.24,18.38,8.14,7,0,9.16,5,0,0,0
42,HR,2026-05-29,8.95,18.53,9.58,11,0,19.8,5,0,0,0
42,HR,2026-06-01,9.22,18.49,9.27,27,1,19.98,3,0,0,0
42,HR,2026-06-02,9.99,18.42,8.43,14,0,15.08,4,0,0,0
42,HR,2026-06-03,9.89,17.84,7.95,13,0,16.31,4,0,0,0
42,HR,2026-06-04,9.6,18.96,9.36,14,0,16.79,5,0,0,0
42,HR,2026-06-05,9.42,17.23,7.81,9,0,19.42,4,0,0,0
42,HR,2026-06-08,9.52,17.23,7.71,22,1,4.54,5,0,0,0
42,HR,2026-06-09,8.85,18.42,9.57,15,1,19.52,5,0,0,0
42,HR,2026-06-10,9.49,18.97,9.48,11,1,21.24,5,0,0,0
42,HR,2026-06-11,9.11,19.27,10.16,10,1,22.2,3,0,0,0
42,HR,2026-06-12,10.25,18.51,8.26,14,0,22.08,4,0,0,0
42,HR,2026-06-13,9.33,18.28,8.95,13,0,19.83,4,0,1,0
42,HR,2026-06-15,8.67,19.51,10.84,12,0,18.77,3,0,0,0
42,HR,2026-06-16,9.74,18.7,8.96,21,1,14.11,4,0,0,0
42,HR,2026-06-17,9.83,18.21,8.38,18,0,10.98,5,0,0,0
42,HR,2026-06-18,8.19,18.72,10.53,15,0,26.85,3,0,0,0
42,HR,2026-06-19,10.29,18.31,8.02,15,0,15.69,4,0,0,0
42,HR,2026-06-20,9.44,18.27,8.82,16,0,12.42,3,0,1,0
42,HR,2026-06-22,9.87,18.42,8.55,25,1,18.35,1,0,0,0
42,HR,2026-06-23,9.4,18.84,9.44,21,0,17.74,4,0,0,0
42,HR,2026-06-24,9.82,18.95,9.14,12,1,12.61,4,0,0,0
42,HR,2026-06-25,9.1,18.92,9.82,13,0,15.43,4,0,0,0
42,HR,2026-06-26,9.9,18.78,8.88,13,1,20.13,6,0,0,0
42,HR,2026-06-29,9.46,18.68,9.23,18,0,16.97,4,0,0,0
42,HR,2026-06-30,8.84,18.66,9.82,19,1,22.55,4,0,0,0
42,HR,2026-07-01,9.35,19.22,9.87,12,0,14.07,3,0,0,0
42,HR,2026-07-02,8.78,18.75,9.97,17,0,26.58,4,0,0,0
42,HR,2026-07-03,9.41,18.61,9.2,22,0,23.11,5,0,0,0
42,HR,2026-07-05,8.62,18.27,9.64,18,0,19.99,5,0,1,0
42,HR,2026-07-06,8.79,19.83,11.04,24,1,14.39,5,0,0,0
42,HR,2026-07-07,9.2,19.21,10.02,31,0,21.45,4,0,0,0
42,HR,2026-07-08,9.7,19.12,9.42,14,0,13.8,5,0,0,0
42,HR,2026-07-09,8.49,19.26,10.78,6,0,15.78,4,0,0,0
42,HR,2026-07-10,8.61,18.95,10.35,15,1,18.13,3,0,0,0
42,HR,2026-07-12,9.61,19.0,9.39,23,0,18.52,5,0,1,0
42,HR,2026-07-13,8.56,18.68,10.12,12,1,21.37,3,0,0,0
42,HR,2026-07-14,9.81,17.8,8.0,8,0,17.17,3,0,0,0
42,HR,2026-07-15,10.92,19.36,8.44,17,0,23.22,5,0,0,0
42,HR,2026-07-16,9.66,19.38,9.72,9,0,20.59,4,0,0,0
42,HR,2026-07-17,9.44,19.22,9.78,20,1,19.68,2,0,0,0
42,HR,2026-07-18,10.1,19.55,9.45,14,2,13.98,4,0,1,0
42,HR,2026-07-20,9.36,19.29,9.93,25,0,14.53,4,0,0,0
42,HR,2026-07-21,9.27,18.84,9.57,17,2,18.85,5,0,0,0
42,HR,2026-07-22,8.1,19.02,10.92,14,0,19.73,5,0,0,0
42,HR,2026-07-23,8.84,18.38,9.55,20,1,15.53,3,0,0,0
42,HR,2026-07-24,9.43,18.57,9.14,21,0,16.78,6,0,0,0
42,HR,2026-07-27,9.01,19.29,10.28,15,0,17.47,3,0,0,0
43,Sales,2026-04-29,10.13,18.87,8.74,20,0,21.8,1,0,0,0
43,Sales,2026-04-30,8.85,18.4,9.55,27,1,19.8,4,0,0,0
43,Sales,2026-05-01,9.41,19.01,9.6,20,2,25.68,4,0,0,0
43,Sales,2026-05-03,10.17,17.91,7.74,9,0,20.44,2,0,1,0
43,Sales,2026-05-04,8.53,18.22,9.69,25,0,21.07,5,0,0,0
43,Sales,2026-05-05,8.92,16.83,7.91,17,0,20.93,3,0,0,0
43,Sales,2026-05-06,9.13,17.68,8.55,23,0,23.58,5,0,0,0
43,Sales,2026-05-07,8.41,18.63,10.22,20,0,16.01,3,0,0,0
43,Sales,2026-05-08,9.57,17.24,7.68,13,0,20.56,3,0,0,0
43,Sales,2026-05-11,9.78,18.03,8.24,21,0,15.63,4,0,0,0
43,Sales,2026-05-12,9.52,16.96,7.44,20,2,21.85,5,0,0,0
43,Sales,2026-05-13,8.68,17.37,8.69,21,2,17.3,3,0,0,0
43,Sales,2026-05-14,9.65,17.92,8.27,19,0,23.21,2,0,0,0
43,Sales,2026-05-15,9.9,17.93,8.03,17,0,17.93,2,0,0,0
43,Sales,2026-05-18,9.59,17.69,8.1,21,1,15.63,2,0,0,0
43,Sales,2026-05-19,10.11,17.42,7.31,22,0,11.91,1,0,0,0
43,Sales,2026-05-20,9.5,18.2,8.7,17,0,25.52,4,0,0,0
43,Sales,2026-05-21,8.7,19.2,10.5,17,0,19.79,2,0,0,0
43,Sales,2026-05-22,9.58,17.96,8.39,21,0,20.19,2,0,0,0
43,Sales,2026-05-23,8.96,17.69,8.72,20,0,18.43,3,0,1,0
43,Sales,2026-05-25,9.55,17.74,8.18,20,0,15.04,4,0,0,0
43,Sales,2026-05-26,9.29,17.56,8.27,14,1,18.75,3,0,0,0
43,Sales,2026-05-27,9.77,18.13,8.36,13,0,20.71,3,0,0,0
43,Sales,2026-05-28,10.35,18.34,7.99,26,1,13.55,2,0,0,0
43,Sales,2026-05-29,9.8,17.88,8.08,15,0,17.57,3,0,0,0
43,Sales,2026-05-30,8.94,17.42,8.48,28,0,22.08,3,0,1,0
43,Sales,2026-06-01,10.03,17.9,7.86,23,0,21.54,3,0,0,0
43,Sales,2026-06-02,9.65,17.86,8.21,22,2,19.15,1,0,0,0
43,Sales,2026-06-03,9.26,18.06,8.8,30,2,22.23,2,0,0,0
43,Sales,2026-06-04,9.12,17.27,8.15,23,0,19.0,4,0,0,0
43,Sales,2026-06-05,8.27,18.7,10.43,20,0,17.77,3,0,0,0
43,Sales,2026-06-08,9.61,18.36,8.75,24,2,20.45,4,0,0,0
43,Sales,2026-06-09,8.78,17.28,8.49,18,0,18.71,3,0,0,0
43,Sales,2026-06-10,9.62,17.7,8.09,23,1,19.56,3,0,0,0
43,Sales,2026-06-11,9.08,17.83,8.75,17,1,16.78,4,0,0,0
43,Sales,2026-06-12,8.72,17.73,9.01,26,1,17.95,2,0,0,0
43,Sales,2026-06-15,8.7,18.37,9.68,16,0,25.58,5,0,0,0
43,Sales,2026-06-16,9.55,18.3,8.75,18,1,15.5,3,0,0,0
43,Sales,2026-06-17,8.64,18.0,9.36,11,1,14.39,2,0,0,0
43,Sales,2026-06-18,9.76,18.82,9.07,19,0,16.65,1,0,0,0
43,Sales,2026-06-19,9.67,16.94,7.27,27,0,16.69,3,0,0,0
43,Sales,2026-06-22,8.85,18.78,9.93,37,1,19.69,3,0,0,0
43,Sales,2026-06-23,9.79,17.24,7.44,18,1,25.12,3,0,0,0
43,Sales,2026-06-24,9.57,18.62,9.05,24,1,20.04,2,0,0,0
43,Sales,2026-06-25,9.24,17.86,8.62,12,0,23.41,3,0,0,0
43,Sales,2026-06-26,9.89,18.12,8.24,22,0,16.07,2,0,0,0
43,Sales,2026-06-29,9.73,16.9,7.17,20,1,15.79,4,0,0,0
43,Sales,2026-06-30,9.93,18.23,8.3,18,0,19.41,2,0,0,0
43,Sales,2026-07-01,9.14,17.68,8.53,26,1,18.83,3,0,0,0
43,Sales,2026-07-02,10.09,18.68,8.58,16,0,26.2,4,0,0,0
43,Sales,2026-07-03,8.78,18.85,10.08,19,0,23.5,1,0,0,0
43,Sales,2026-07-06,9.93,17.19,7.25,26,0,26.29,1,0,0,0
43,Sales,2026-07-07,9.72,19.02,9.3,20,0,18.74,5,0,0,0
43,Sales,2026-07-08,10.6,18.86,8.26,23,2,15.43,2,0,0,0
43,Sales,2026-07-09,9.35,17.15,7.79,13,1,21.49,3,0,0,0
43,Sales,2026-07-10,9.13,17.96,8.83,26,0,16.94,2,0,0,0
43,Sales,2026-07-11,9.24,17.91,8.67,24,0,13.26,2,0,1,0
43,Sales,2026-07-13,8.79,17.9,9.11,21,0,26.15,3,0,0,0
43,Sales,2026-07-14,9.55,18.09,8.54,22,0,21.55,3,0,0,0
43,Sales,2026-07-15,8.29,19.4,11.11,21,0,18.03,5,0,0,0
43,Sales,2026-07-16,8.59,18.3,9.71,14,1,19.04,2,0,0,0
43,Sales,2026-07-17,9.6,17.94,8.34,22,0,15.24,4,0,0,0
43,Sales,2026-07-20,9.27,17.96,8.69,27,0,17.05,2,0,0,0
43,Sales,2026-07-21,8.7,18.34,9.64,13,0,16.3,2,0,0,0
43,Sales,2026-07-22,8.62,17.69,9.07,20,0,23.61,4,0,0,0
43,Sales,2026-07-23,8.63,17.72,9.09,30,0,28.18,2,0,0,0
43,Sales,2026-07-24,8.3,17.6,9.3,20,1,17.1,4,0,0,0
43,Sales,2026-07-27,9.37,17.48,8.11,25,0,14.7,1,0,0,0
44,Finance,2026-04-29,8.41,17.99,9.58,44,1,8.65,3,0,0,0
44,Finance,2026-04-30,7.71,17.51,9.8,38,0,18.08,3,0,0,0
44,Finance,2026-05-01,8.21,17.75,9.53,29,0,20.49,3,0,0,0
44,Finance,2026-05-04,7.56,17.13,9.57,36,0,18.42,4,0,0,0
44,Finance,2026-05-05,8.34,17.19,8.84,40,1,17.87,3,0,0,0
44,Finance,2026-05-06,8.37,17.02,8.65,42,0,18.19,4,0,0,0
44,Finance,2026-05-07,7.89,17.4,9.51,37,0,19.01,4,0,0,0
44,Finance,2026-05-08,7.84,17.58,9.75,39,0,17.79,3,0,0,0
44,Finance,2026-05-10,8.39,17.17,8.79,46,0,14.28,2,0,1,0
44,Finance,2026-05-11,8.11,18.34,10.23,39,1,17.61,4,0,0,0
44,Finance,2026-05-12,8.56,16.59,8.04,38,0,18.7,5,0,0,0
44,Finance,2026-05-13,7.91,17.56,9.65,47,0,23.46,4,0,0,0
44,Finance,2026-05-14,8.14,16.44,8.3,37,0,15.57,3,0,0,0
44,Finance,2026-05-15,8.53,18.01,9.49,33,0,13.66,4,0,0,0
44,Finance,2026-05-18,8.27,17.2,8.93,37,0,19.51,5,0,0,0
44,Finance,2026-05-19,8.99,17.76,8.77,47,0,17.78,4,0,0,0
44,Finance,2026-05-20,7.97,17.14,9.17,48,0,15.22,2,0,0,0
44,Finance,2026-05-21,8.5,17.62,9.11,34,1,14.67,3,0,0,0
44,Finance,2026-05-22,8.16,17.73,9.56,36,1,18.54,3,0,0,0
44,Finance,2026-05-25,8.43,17.04,8.61,29,0,18.78,4,0,0,0
44,Finance,2026-05-26,7.18,17.58,10.4,36,0,26.37,3,0,0,0
44,Finance,2026-05-27,8.14,17.68,9.54,45,0,15.84,5,0,0,0
44,Finance,2026-05-28,9.2,16.96,7.77,37,2,18.37,6,0,0,0
44,Finance,2026-05-29,7.96,17.51,9.55,35,0,26.74,5,0,0,0
44,Finance,2026-06-01,8.49,17.24,8.75,50,0,23.45,4,0,0,0
44,Finance,2026-06-02,8.05,16.67,8.62,40,0,13.59,4,0,0,0
44,Finance,2026-06-03,7.68,17.21,9.53,38,1,13.22,4,0,0,0
44,Finance,2026-06-04,8.2,17.04,8.84,51,0,12.43,3,0,0,0
44,Finance,2026-06-05,8.55,16.02,7.47,48,0,18.86,4,0,0,0
44,Finance,2026-06-08,9.09,18.26,9.18,46,0,10.63,4,0,0,0
44,Finance,2026-06-09,9.23,16.68,7.44,40,1,21.7,3,0,0,0
44,Finance,2026-06-10,8.04,17.37,9.33,40,0,17.31,2,0,0,0
44,Finance,2026-06-11,8.12,18.4,10.28,38,0,15.45,3,0,0,0
44,Finance,2026-06-12,7.9,17.05,9.15,41,0,11.13,2,0,0,0
44,Finance,2026-06-15,8.92,17.2,8.27,42,0,13.82,4,0,0,0
44,Finance,2026-06-16,7.79,16.7,8.91,54,0,21.83,4,0,0,0
44,Finance,2026-06-17,8.26,17.4,9.14,39,0,17.77,3,0,0,0
44,Finance,2026-06-18,9.01,17.35,8.33,50,0,14.83,2,0,0,0
44,Finance,2026-06-19,8.91,16.62,7.71,43,0,26.23,3,0,0,0
44,Finance,2026-06-22,7.7,17.23,9.53,41,0,15.05,2,0,0,0
44,Finance,2026-06-23,8.56,17.03,8.47,46,0,24.53,3,0,0,0
44,Finance,2026-06-24,7.49,18.27,10.78,47,1,16.85,5,0,0,0
44,Finance,2026-06-25,8.0,18.61,10.61,44,0,25.37,3,0,0,0
44,Finance,2026-06-26,8.06,17.75,9.69,33,0,20.1,4,0,0,0
44,Finance,2026-06-29,8.07,17.49,9.43,41,0,16.77,4,0,0,0
44,Finance,2026-06-30,8.39,17.14,8.74,39,0,18.88,4,0,0,0
44,Finance,2026-07-01,7.53,17.68,10.15,43,0,16.58,5,0,0,0
44,Finance,2026-07-02,8.36,17.8,9.44,46,3,22.17,5,0,0,0
44,Finance,2026-07-03,8.11,17.11,9.0,34,1,17.4,3,0,0,0
44,Finance,2026-07-06,8.19,17.38,9.2,42,0,14.98,4,0,0,0
44,Finance,2026-07-07,8.33,18.25,9.92,37,0,21.67,4,0,0,0
44,Finance,2026-07-08,8.3,17.53,9.22,40,1,20.11,5,0,0,0
44,Finance,2026-07-09,7.9,17.07,9.17,42,0,20.82,2,0,0,0
44,Finance,2026-07-10,9.32,17.49,8.17,34,0,17.88,2,0,0,0
44,Finance,2026-07-12,7.51,17.06,9.55,39,1,16.98,4,0,1,0
44,Finance,2026-07-13,7.94,16.8,8.86,38,0,16.33,3,0,0,0
44,Finance,2026-07-14,7.59,18.4,10.81,44,0,23.9,1,0,0,0
44,Finance,2026-07-15,8.56,17.84,9.28,49,0,23.69,4,0,0,0
44,Finance,2026-07-16,8.71,17.24,8.53,38,1,19.56,4,0,0,0
44,Finance,2026-07-17,8.55,15.91,7.35,41,1,15.16,2,0,0,0
44,Finance,2026-07-20,8.49,17.21,8.72,43,0,15.49,3,0,0,0
44,Finance,2026-07-21,8.4,16.81,8.41,44,1,19.56,4,0,0,0
44,Finance,2026-07-22,7.35,18.11,10.76,34,0,22.32,2,0,0,0
44,Finance,2026-07-23,8.23,17.78,9.56,40,2,22.61,3,0,0,0
44,Finance,2026-07-24,7.74,17.82,10.08,40,1,20.26,3,0,0,0
44,Finance,2026-07-27,7.47,17.03,9.56,47,1,13.49,4,0,0,0
45,Sales,2026-04-29,9.05,18.73,9.68,9,0,26.99,4,0,0,0
45,Sales,2026-04-30,9.74,17.59,7.84,7,0,31.02,5,0,0,0
45,Sales,2026-05-01,10.55,17.58,7.03,5,2,29.2,5,0,0,0
45,Sales,2026-05-04,9.15,18.44,9.29,8,0,26.24,5,0,0,0
45,Sales,2026-05-05,9.19,17.58,8.38,5,1,27.78,6,0,0,0
45,Sales,2026-05-06,8.98,17.76,8.78,13,2,28.7,5,0,0,0
45,Sales,2026-05-07,10.11,17.95,7.84,1,1,26.16,7,0,0,0
45,Sales,2026-05-08,9.29,17.88,8.58,12,0,37.18,8,0,0,0
45,Sales,2026-05-11,9.39,16.88,7.49,14,1,31.53,5,0,0,0
45,Sales,2026-05-12,9.16,17.54,8.37,6,1,26.11,5,0,0,0
45,Sales,2026-05-13,9.26,17.86,8.6,6,0,28.93,6,0,0,0
45,Sales,2026-05-14,8.3,17.86,9.55,0,2,24.22,5,0,0,0
45,Sales,2026-05-15,8.41,18.65,10.24,9,0,29.3,5,0,0,0
45,Sales,2026-05-18,9.41,18.19,8.78,1,1,26.11,6,0,0,0
45,Sales,2026-05-19,9.43,17.98,8.55,10,0,26.61,6,0,0,0
45,Sales,2026-05-20,7.84,17.37,9.53,14,1,28.3,3,0,0,0
45,Sales,2026-05-21,8.51,18.38,9.86,4,2,15.41,5,0,0,0
45,Sales,2026-05-22,9.61,17.58,7.98,2,0,27.87,6,0,0,0
45,Sales,2026-05-25,8.47,18.36,9.88,8,0,23.46,7,0,0,0
45,Sales,2026-05-26,9.94,17.74,7.8,8,4,32.65,5,0,0,0
45,Sales,2026-05-27,9.68,18.78,9.1,6,0,31.84,4,0,0,0
45,Sales,2026-05-28,9.48,17.84,8.37,7,0,26.98,7,0,0,0
45,Sales,2026-05-29,9.26,17.78,8.52,6,0,18.81,6,0,0,0
45,Sales,2026-06-01,9.49,17.59,8.1,7,1,37.94,7,0,0,0
45,Sales,2026-06-02,9.3,18.04,8.75,2,0,23.02,6,0,0,0
45,Sales,2026-06-03,9.81,17.67,7.86,7,2,19.5,6,0,0,0
45,Sales,2026-06-04,8.7,17.69,9.0,12,0,30.34,5,0,0,0
45,Sales,2026-06-05,9.38,17.17,7.79,2,0,28.95,6,0,0,0
45,Sales,2026-06-08,8.67,17.98,9.31,7,1,25.63,6,0,0,0
45,Sales,2026-06-09,10.25,18.71,8.45,15,1,24.5,4,0,0,0
45,Sales,2026-06-10,10.02,17.77,7.75,1,0,24.56,6,0,0,0
45,Sales,2026-06-11,8.84,19.05,10.21,5,0,29.62,6,0,0,0
45,Sales,2026-06-12,9.64,17.95,8.31,13,1,28.49,6,0,0,0
45,Sales,2026-06-13,9.12,16.9,7.77,13,0,20.07,6,0,1,0
45,Sales,2026-06-15,8.4,17.29,8.89,7,0,22.46,4,0,0,0
45,Sales,2026-06-16,9.84,17.57,7.74,6,2,30.53,6,0,0,0
45,Sales,2026-06-17,9.64,18.55,8.91,9,1,22.64,5,0,0,0
45,Sales,2026-06-18,9.55,18.26,8.72,5,1,29.97,5,0,0,0
45,Sales,2026-06-19,9.5,17.8,8.31,7,1,29.96,6,0,0,0
45,Sales,2026-06-20,8.98,19.31,10.33,6,0,36.72,6,0,1,0
45,Sales,2026-06-22,8.88,17.35,8.47,8,0,26.4,5,0,0,0
45,Sales,2026-06-23,9.2,18.02,8.82,7,0,25.7,6,0,0,0
45,Sales,2026-06-24,8.82,18.32,9.5,5,1,22.86,6,0,0,0
45,Sales,2026-06-25,9.48,18.48,9.0,13,0,22.18,6,0,0,0
45,Sales,2026-06-26,9.95,16.77,6.82,2,0,26.85,6,0,0,0
45,Sales,2026-06-27,9.7,17.89,8.2,0,0,22.7,6,0,1,0
45,Sales,2026-06-28,9.37,17.67,8.3,19,2,25.74,5,0,1,0
45,Sales,2026-06-29,9.44,17.97,8.54,5,0,37.9,6,0,0,0
45,Sales,2026-06-30,9.44,17.01,7.57,3,0,29.8,6,0,0,0
45,Sales,2026-07-01,8.99,18.33,9.35,9,0,26.7,4,0,0,0
45,Sales,2026-07-02,9.23,18.09,8.86,6,0,18.52,7,0,0,0
45,Sales,2026-07-03,9.63,18.08,8.45,3,0,25.18,6,0,0,0
45,Sales,2026-07-06,8.91,17.11,8.2,1,0,22.83,6,0,0,0
45,Sales,2026-07-07,8.91,15.63,6.72,12,1,26.35,8,0,0,0
45,Sales,2026-07-08,9.77,17.64,7.87,3,2,32.23,7,0,0,0
45,Sales,2026-07-09,8.82,18.07,9.26,10,1,26.81,5,0,0,0
45,Sales,2026-07-10,9.27,18.26,8.99,3,0,21.43,6,0,0,0
45,Sales,2026-07-12,9.73,18.02,8.29,4,1,26.97,6,0,1,0
45,Sales,2026-07-13,8.92,19.13,10.21,4,0,19.55,6,0,0,0
45,Sales,2026-07-14,8.38,18.51,10.13,14,2,25.22,4,0,0,0
45,Sales,2026-07-15,9.7,18.24,8.54,7,1,28.11,5,0,0,0
45,Sales,2026-07-16,8.97,18.66,9.68,0,1,19.11,5,0,0,0
45,Sales,2026-07-17,9.18,18.18,9.0,2,0,26.35,7,0,0,0
45,Sales,2026-07-20,9.04,17.49,8.46,0,2,23.4,5,0,0,0
45,Sales,2026-07-21,9.02,18.64,9.62,13,4,20.64,6,0,0,0
45,Sales,2026-07-22,9.47,19.37,9.89,5,1,25.03,6,0,0,0
45,Sales,2026-07-23,9.16,17.08,7.92,7,2,20.35,5,0,0,0
45,Sales,2026-07-24,9.31,18.23,8.92,7,0,29.42,6,0,0,0
45,Sales,2026-07-25,9.05,19.3,10.25,13,0,20.33,6,0,1,0
45,Sales,2026-07-27,8.29,18.48,10.19,4,2,19.81,5,0,0,0
46,HR,2026-04-29,8.26,17.13,8.86,29,0,27.09,3,0,0,0
46,HR,2026-04-30,7.35,17.67,10.32,18,0,29.97,5,0,0,0
46,HR,2026-05-01,8.92,18.58,9.66,23,1,24.59,3,0,0,0
46,HR,2026-05-03,8.2,17.64,9.44,22,1,19.51,2,0,1,0
46,HR,2026-05-04,7.93,17.15,9.22,44,10,24.32,3,0,0,1
46,HR,2026-05-05,7.73,16.69,8.96,25,0,22.31,3,0,0,0
46,HR,2026-05-06,8.82,16.65,7.83,17,0,24.23,2,0,0,0
46,HR,2026-05-07,8.25,17.14,8.88,16,1,21.72,4,0,0,0
46,HR,2026-05-08,8.4,17.26,8.86,19,1,26.59,5,0,0,0
46,HR,2026-05-11,7.89,17.59,9.7,15,1,19.87,2,0,0,0
46,HR,2026-05-12,8.44,16.41,7.97,17,1,19.58,2,0,0,0
46,HR,2026-05-13,8.22,17.43,9.21,22,0,29.15,4,0,0,0
46,HR,2026-05-14,8.25,17.63,9.38,24,0,21.21,3,0,0,0
46,HR,2026-05-15,8.43,17.26,8.83,23,0,18.52,3,0,0,0
46,HR,2026-05-18,7.85,16.56,8.71,17,1,26.67,2,0,0,0
46,HR,2026-05-19,7.58,16.59,9.01,12,0,28.52,3,0,0,0
46,HR,2026-05-20,8.15,16.62,8.47,14,0,25.1,5,0,0,0
46,HR,2026-05-21,8.21,17.06,8.85,25,1,27.53,3,0,0,0
46,HR,2026-05-22,7.31,16.65,9.35,14,0,18.46,4,0,0,0
46,HR,2026-05-25,8.34,17.55,9.22,21,0,25.82,3,0,0,0
46,HR,2026-05-26,7.53,17.19,9.66,15,3,23.91,4,0,0,0
46,HR,2026-05-27,8.31,16.34,8.03,31,1,27.6,4,0,0,0
46,HR,2026-05-28,7.48,17.92,10.44,13,1,20.94,3,0,0,0
46,HR,2026-05-29,8.17,16.51,8.34,15,1,27.58,3,0,0,0
46,HR,2026-06-01,7.02,16.47,9.45,17,1,27.25,4,0,0,0
46,HR,2026-06-02,8.24,17.05,8.82,24,1,31.68,4,0,0,0
46,HR,2026-06-03,7.79,16.11,8.31,11,0,27.77,2,0,0,0
46,HR,2026-06-04,7.49,17.25,9.76,22,0,24.69,3,0,0,0
46,HR,2026-06-05,7.99,17.45,9.46,16,0,25.64,1,0,0,0
46,HR,2026-06-07,8.47,16.8,8.33,20,1,18.64,2,0,1,0
46,HR,2026-06-08,8.41,17.77,9.36,27,1,30.86,4,0,0,0
46,HR,2026-06-09,8.37,17.02,8.65,19,0,25.16,3,0,0,0
46,HR,2026-06-10,8.08,18.31,10.23,19,1,22.6,3,0,0,0
46,HR,2026-06-11,7.93,17.15,9.22,45,13,24.32,3,0,0,1
46,HR,2026-06-12,7.55,17.48,9.93,10,2,17.31,5,0,0,0
46,HR,2026-06-13,8.11,17.84,9.72,20,0,29.63,3,0,1,0
46,HR,2026-06-15,7.42,17.55,10.13,19,0,27.3,5,0,0,0
46,HR,2026-06-16,7.62,16.69,9.07,19,1,27.76,2,0,0,0
46,HR,2026-06-17,7.44,18.25,10.81,10,1,27.16,1,0,0,0
46,HR,2026-06-18,7.53,16.58,9.04,22,0,24.72,3,0,0,0
46,HR,2026-06-19,7.99,17.99,10.01,15,0,21.69,3,0,0,0
46,HR,2026-06-22,7.82,17.26,9.44,15,1,24.33,5,0,0,0
46,HR,2026-06-23,8.64,17.75,9.12,24,0,31.41,2,0,0,0
46,HR,2026-06-24,7.52,17.34,9.82,27,0,23.31,4,0,0,0
46,HR,2026-06-25,8.27,18.01,9.74,13,0,19.68,1,0,0,0
46,HR,2026-06-26,7.94,17.97,10.03,15,1,21.73,2,0,0,0
46,HR,2026-06-27,1.0,1.6,0.6,19,0,24.32,3,1,1,1
46,HR,2026-06-29,7.89,17.19,9.3,25,1,29.83,2,0,0,0
46,HR,2026-06-30,7.79,17.18,9.39,20,1,23.79,4,0,0,0
46,HR,2026-07-01,7.67,17.61,9.94,27,0,30.53,4,0,0,0
46,HR,2026-07-02,8.3,17.99,9.69,21,1,23.43,1,0,0,0
46,HR,2026-07-03,23.0,24.4,1.4,19,0,24.32,3,1,0,1
46,HR,2026-07-06,7.9,16.59,8.69,17,0,29.09,5,0,0,0
46,HR,2026-07-07,8.21,16.64,8.43,18,1,24.33,4,0,0,0
46,HR,2026-07-08,7.39,16.38,8.99,9,1,24.83,2,0,0,0
46,HR,2026-07-09,7.69,17.12,9.43,17,1,27.55,4,0,0,0
46,HR,2026-07-10,9.48,17.58,8.09,16,0,18.74,2,0,0,0
46,HR,2026-07-13,8.49,17.22,8.73,21,0,11.26,3,0,0,0
46,HR,2026-07-14,7.67,17.63,9.96,17,1,26.08,4,0,0,0
46,HR,2026-07-15,7.7,18.17,10.47,18,0,20.13,3,0,0,0
46,HR,2026-07-16,8.14,17.16,9.02,14,0,30.04,3,0,0,0
46,HR,2026-07-17,7.97,18.03,10.06,24,1,21.98,5,0,0,0
46,HR,2026-07-19,8.11,17.45,9.34,23,0,27.52,3,0,1,0
46,HR,2026-07-20,3.0,4.47,1.47,195,0,24.32,3,1,0,1
46,HR,2026-07-21,7.43,18.07,10.64,18,0,25.57,3,0,0,0
46,HR,2026-07-22,7.93,17.15,9.22,109,0,739.98,3,0,0,1
46,HR,2026-07-23,8.51,16.19,7.67,15,2,24.84,3,0,0,0
46,HR,2026-07-24,8.4,17.44,9.05,16,0,25.69,4,0,0,0
46,HR,2026-07-27,8.56,17.02,8.46,16,1,23.28,2,0,0,0
47,Engineering,2026-04-29,8.33,16.95,8.62,23,2,4.43,4,0,0,0
47,Engineering,2026-04-30,8.03,17.95,9.92,17,0,9.13,2,0,0,0
47,Engineering,2026-05-01,8.82,17.77,8.95,20,0,5.7,4,0,0,0
47,Engineering,2026-05-04,8.0,16.28,8.28,17,0,10.15,3,0,0,0
47,Engineering,2026-05-05,8.89,19.11,10.21,20,2,9.47,3,0,0,0
47,Engineering,2026-05-06,8.99,17.27,8.29,16,2,2.19,3,0,0,0
47,Engineering,2026-05-07,8.32,16.04,7.72,24,2,8.32,5,0,0,0
47,Engineering,2026-05-08,8.98,16.59,7.61,16,3,1.92,2,0,0,0
47,Engineering,2026-05-11,8.54,16.45,7.91,28,3,12.06,3,0,0,0
47,Engineering,2026-05-12,8.47,17.1,8.63,21,2,0.0,4,0,0,0
47,Engineering,2026-05-13,7.41,17.52,10.11,21,2,3.25,2,0,0,0
47,Engineering,2026-05-14,8.87,16.75,7.88,25,0,6.11,3,0,0,0
47,Engineering,2026-05-15,8.62,17.39,8.77,26,0,3.0,4,0,0,0
47,Engineering,2026-05-18,9.37,17.49,8.12,19,2,6.53,2,0,0,0
47,Engineering,2026-05-19,8.44,17.2,8.76,22,1,4.8,3,0,0,0
47,Engineering,2026-05-20,8.41,16.54,8.14,27,0,4.03,2,0,0,0
47,Engineering,2026-05-21,8.8,17.37,8.57,25,1,1.63,3,0,0,0
47,Engineering,2026-05-22,8.86,16.36,7.49,27,2,15.09,2,0,0,0
47,Engineering,2026-05-23,8.75,16.6,7.85,23,1,6.61,3,0,1,0
47,Engineering,2026-05-25,8.15,16.87,8.72,29,1,8.56,3,0,0,0
47,Engineering,2026-05-26,9.74,16.86,7.12,16,3,7.01,3,0,0,0
47,Engineering,2026-05-27,9.44,16.89,7.44,16,1,6.99,2,0,0,0
47,Engineering,2026-05-28,8.0,17.76,9.76,22,3,3.8,2,0,0,0
47,Engineering,2026-05-29,8.27,17.9,9.63,21,1,8.12,3,0,0,0
47,Engineering,2026-06-01,7.81,16.88,9.07,29,1,2.33,4,0,0,0
47,Engineering,2026-06-02,8.11,15.96,7.85,24,3,5.17,2,0,0,0
47,Engineering,2026-06-03,7.9,16.34,8.44,13,1,5.18,2,0,0,0
47,Engineering,2026-06-04,8.53,17.16,8.63,31,0,8.05,3,0,0,0
47,Engineering,2026-06-05,8.64,16.32,7.69,22,2,4.1,2,0,0,0
47,Engineering,2026-06-08,8.75,17.59,8.84,22,0,9.97,4,0,0,0
47,Engineering,2026-06-09,8.55,16.44,7.89,14,1,9.01,1,0,0,0
47,Engineering,2026-06-10,9.4,16.26,6.86,34,0,12.63,2,0,0,0
47,Engineering,2026-06-11,8.63,18.17,9.54,13,0,2.44,2,0,0,0
47,Engineering,2026-06-12,8.52,16.72,8.19,32,5,3.59,3,0,0,0
47,Engineering,2026-06-15,8.76,16.98,8.22,17,2,5.05,3,0,0,0
47,Engineering,2026-06-16,8.78,17.4,8.61,25,0,7.83,3,0,0,0
47,Engineering,2026-06-17,8.27,17.42,9.15,22,2,5.18,3,0,0,0
47,Engineering,2026-06-18,8.26,16.39,8.12,22,1,10.45,3,0,0,0
47,Engineering,2026-06-19,7.86,17.56,9.71,25,3,0.0,2,0,0,0
47,Engineering,2026-06-22,9.03,15.85,6.82,16,0,4.47,4,0,0,0
47,Engineering,2026-06-23,8.87,16.39,7.52,14,1,5.74,1,0,0,0
47,Engineering,2026-06-24,9.2,18.07,8.87,21,1,6.17,3,0,0,0
47,Engineering,2026-06-25,8.8,16.76,7.95,21,0,4.5,2,0,0,0
47,Engineering,2026-06-26,8.85,17.08,8.23,15,0,3.78,2,0,0,0
47,Engineering,2026-06-28,8.38,17.06,8.68,23,1,4.57,4,0,1,0
47,Engineering,2026-06-29,8.03,16.54,8.51,21,1,7.38,3,0,0,0
47,Engineering,2026-06-30,8.15,17.88,9.73,20,1,12.16,3,0,0,0
47,Engineering,2026-07-01,9.25,18.07,8.81,17,1,9.48,2,0,0,0
47,Engineering,2026-07-02,9.25,17.76,8.52,25,2,7.1,4,0,0,0
47,Engineering,2026-07-03,8.98,17.17,8.19,18,2,2.57,2,0,0,0
47,Engineering,2026-07-06,9.68,17.4,7.72,17,2,1.15,1,0,0,0
47,Engineering,2026-07-07,8.62,15.79,7.18,27,1,8.71,2,0,0,0
47,Engineering,2026-07-08,9.15,17.74,8.59,29,0,6.8,4,0,0,0
47,Engineering,2026-07-09,9.0,16.16,7.16,21,2,2.01,2,0,0,0
47,Engineering,2026-07-10,8.57,16.35,7.78,25,2,0.0,4,0,0,0
47,Engineering,2026-07-13,9.26,16.31,7.05,13,0,7.27,1,0,0,0
47,Engineering,2026-07-14,8.69,16.9,8.21,18,0,0.0,2,0,0,0
47,Engineering,2026-07-15,8.27,17.39,9.12,21,1,8.29,3,0,0,0
47,Engineering,2026-07-16,8.47,17.57,9.1,13,0,8.23,3,0,0,0
47,Engineering,2026-07-17,9.14,16.36,7.22,25,2,12.79,2,0,0,0
47,Engineering,2026-07-20,9.64,17.59,7.95,16,0,6.51,3,0,0,0
47,Engineering,2026-07-21,9.02,16.78,7.76,27,1,0.91,1,0,0,0
47,Engineering,2026-07-22,8.37,17.49,9.12,20,1,0.35,3,0,0,0
47,Engineering,2026-07-23,8.68,16.12,7.44,14,0,2.83,4,0,0,0
47,Engineering,2026-07-24,8.67,16.8,8.13,25,2,3.04,2,0,0,0
47,Engineering,2026-07-27,8.68,16.71,8.03,12,2,10.47,1,0,0,0
48,HR,2026-04-29,8.6,17.99,9.39,11,1,14.02,6,0,0,0
48,HR,2026-04-30,8.98,18.25,9.27,30,0,7.96,5,0,0,0
48,HR,2026-05-01,8.23,17.62,9.39,23,0,12.67,6,0,0,0
48,HR,2026-05-03,9.54,17.45,7.91,15,0,11.96,5,0,1,0
48,HR,2026-05-04,8.36,17.75,9.39,31,1,7.56,5,0,0,0
48,HR,2026-05-05,10.32,18.04,7.72,17,0,20.33,3,0,0,0
48,HR,2026-05-06,9.16,18.5,9.35,26,1,16.9,7,0,0,0
48,HR,2026-05-07,8.99,17.95,8.96,21,0,9.17,6,0,0,0
48,HR,2026-05-08,9.88,17.53,7.64,30,0,12.71,5,0,0,0
48,HR,2026-05-11,9.34,17.86,8.52,25,0,5.97,6,0,0,0
48,HR,2026-05-12,8.96,18.63,9.68,27,0,16.51,7,0,0,0
48,HR,2026-05-13,9.81,17.31,7.51,20,0,12.16,6,0,0,0
48,HR,2026-05-14,9.51,18.09,8.58,23,1,6.38,6,0,0,0
48,HR,2026-05-15,8.93,19.36,10.44,19,0,6.92,5,0,0,0
48,HR,2026-05-18,8.38,18.39,10.0,24,1,12.65,6,0,0,0
48,HR,2026-05-19,10.07,17.89,7.83,24,0,8.49,5,0,0,0
48,HR,2026-05-20,8.05,18.04,9.99,35,0,10.76,5,0,0,0
48,HR,2026-05-21,9.39,18.38,8.99,21,2,8.89,5,0,0,0
48,HR,2026-05-22,9.98,18.66,8.68,25,0,4.16,6,0,0,0
48,HR,2026-05-25,9.23,17.68,8.45,30,0,5.22,7,0,0,0
48,HR,2026-05-26,9.85,18.57,8.72,34,0,10.98,5,0,0,0
48,HR,2026-05-27,9.02,17.28,8.26,25,1,7.72,5,0,0,0
48,HR,2026-05-28,9.19,18.29,9.1,24,0,14.62,5,0,0,0
48,HR,2026-05-29,9.4,18.05,8.65,27,0,0.41,6,0,0,0
48,HR,2026-06-01,9.27,17.27,8.01,33,2,6.17,7,0,0,0
48,HR,2026-06-02,10.14,17.21,7.07,25,2,14.35,8,0,0,0
48,HR,2026-06-03,9.2,17.46,8.26,29,1,9.07,7,0,0,0
48,HR,2026-06-04,9.06,18.85,9.78,22,0,12.01,7,0,0,0
48,HR,2026-06-05,8.65,18.29,9.64,21,1,9.91,4,0,0,0
48,HR,2026-06-08,9.47,17.8,8.33,28,1,9.91,6,0,0,0
48,HR,2026-06-09,8.74,17.65,8.9,21,1,10.24,5,0,0,0
48,HR,2026-06-10,8.8,17.98,9.18,34,0,10.11,6,0,0,0
48,HR,2026-06-11,9.94,17.62,7.68,28,1,4.92,6,0,0,0
48,HR,2026-06-12,9.38,18.32,8.94,22,1,8.33,6,0,0,0
48,HR,2026-06-15,8.08,17.72,9.65,23,2,13.65,7,0,0,0
48,HR,2026-06-16,8.48,17.83,9.35,27,0,12.97,7,0,0,0
48,HR,2026-06-17,9.63,17.75,8.12,27,1,16.78,7,0,0,0
48,HR,2026-06-18,8.8,16.38,7.58,27,0,13.28,6,0,0,0
48,HR,2026-06-19,9.14,17.43,8.3,24,0,13.76,5,0,0,0
48,HR,2026-06-22,9.89,17.81,7.92,23,1,10.43,6,0,0,0
48,HR,2026-06-23,8.87,17.58,8.71,23,1,9.88,6,0,0,0
48,HR,2026-06-24,8.64,17.21,8.57,35,0,7.58,6,0,0,0
48,HR,2026-06-25,9.56,17.02,7.46,25,1,0.0,6,0,0,0
48,HR,2026-06-26,9.51,18.05,8.54,29,0,7.7,8,0,0,0
48,HR,2026-06-29,9.0,17.32,8.32,37,0,11.87,7,0,0,0
48,HR,2026-06-30,9.3,17.95,8.65,18,1,15.96,6,0,0,0
48,HR,2026-07-01,9.03,17.9,8.87,34,1,9.5,5,0,0,0
48,HR,2026-07-02,8.16,18.25,10.1,29,0,5.49,7,0,0,0
48,HR,2026-07-03,9.49,17.53,8.04,32,0,14.36,6,0,0,0
48,HR,2026-07-06,9.67,16.72,7.04,19,2,14.89,6,0,0,0
48,HR,2026-07-07,8.61,18.55,9.94,26,0,17.51,5,0,0,0
48,HR,2026-07-08,10.09,18.03,7.94,26,0,7.92,7,0,0,0
48,HR,2026-07-09,8.56,17.62,9.06,21,1,10.73,5,0,0,0
48,HR,2026-07-10,8.97,17.53,8.56,20,1,9.68,7,0,0,0
48,HR,2026-07-13,9.44,17.86,8.42,19,0,15.06,8,0,0,0
48,HR,2026-07-14,9.49,17.56,8.06,25,0,9.7,7,0,0,0
48,HR,2026-07-15,8.72,17.96,9.24,16,1,16.22,5,0,0,0
48,HR,2026-07-16,8.94,18.71,9.77,24,1,5.3,5,0,0,0
48,HR,2026-07-17,8.93,17.65,8.72,24,0,7.32,4,0,0,0
48,HR,2026-07-20,9.8,17.54,7.75,18,1,14.64,5,0,0,0
48,HR,2026-07-21,9.45,18.24,8.79,30,0,15.04,6,0,0,0
48,HR,2026-07-22,8.57,17.64,9.06,31,0,11.39,8,0,0,0
48,HR,2026-07-23,9.77,18.91,9.13,31,1,12.5,5,0,0,0
48,HR,2026-07-24,8.61,18.35,9.75,29,0,19.56,7,0,0,0
48,HR,2026-07-27,9.15,17.18,8.03,22,1,8.4,4,0,0,0
49,HR,2026-04-29,10.12,18.44,8.32,16,2,10.46,6,0,0,0
49,HR,2026-04-30,10.21,19.97,9.76,32,1,17.33,5,0,0,0
49,HR,2026-05-01,10.01,19.83,9.82,19,0,13.65,4,0,0,0
49,HR,2026-05-04,9.69,20.04,10.36,17,1,14.93,6,0,0,0
49,HR,2026-05-05,9.8,19.2,9.4,26,0,19.31,5,0,0,0
49,HR,2026-05-06,9.78,19.16,9.38,20,1,18.45,4,0,0,0
49,HR,2026-05-07,9.96,20.58,10.62,18,1,14.08,5,0,0,0
49,HR,2026-05-08,10.6,18.87,8.27,23,0,12.57,5,0,0,0
49,HR,2026-05-11,9.4,18.82,9.42,18,0,19.58,7,0,0,0
49,HR,2026-05-12,10.33,20.12,9.79,27,1,16.56,5,0,0,0
49,HR,2026-05-13,9.3,19.67,10.37,24,0,20.89,6,0,0,0
49,HR,2026-05-14,9.89,19.4,9.52,22,1,10.87,4,0,0,0
49,HR,2026-05-15,10.23,19.46,9.24,20,1,15.89,5,0,0,0
49,HR,2026-05-17,9.95,19.65,9.69,24,1,14.66,5,0,1,0
49,HR,2026-05-18,10.9,19.32,8.42,21,1,19.66,7,0,0,0
49,HR,2026-05-19,9.4,18.9,9.5,16,0,21.17,6,0,0,0
49,HR,2026-05-20,9.59,19.11,9.52,18,0,18.19,4,0,0,0
49,HR,2026-05-21,9.53,18.94,9.41,18,0,21.76,6,0,0,0
49,HR,2026-05-22,10.35,19.18,8.83,23,0,20.24,5,0,0,0
49,HR,2026-05-24,9.59,19.3,9.71,15,0,13.25,3,0,1,0
49,HR,2026-05-25,9.24,20.35,11.11,13,0,18.74,5,0,0,0
49,HR,2026-05-26,10.89,19.78,8.89,30,1,25.24,5,0,0,0
49,HR,2026-05-27,9.4,18.71,9.31,20,0,17.27,6,0,0,0
49,HR,2026-05-28,9.72,19.28,9.56,25,0,15.24,6,0,0,0
49,HR,2026-05-29,9.93,19.85,9.92,24,0,19.27,3,0,0,0
49,HR,2026-06-01,10.09,19.08,8.99,21,0,18.49,5,0,0,0
49,HR,2026-06-02,10.08,20.69,10.61,33,1,17.34,5,0,0,0
49,HR,2026-06-03,10.01,18.82,8.81,20,0,13.95,6,0,0,0
49,HR,2026-06-04,11.01,18.97,7.96,25,0,17.56,6,0,0,0
49,HR,2026-06-05,10.37,19.19,8.82,25,0,17.8,6,0,0,0
49,HR,2026-06-08,10.14,18.25,8.11,21,0,12.83,8,0,0,0
49,HR,2026-06-09,9.98,19.57,9.59,24,1,14.42,6,0,0,0
49,HR,2026-06-10,9.79,18.87,9.08,28,0,15.16,5,0,0,0
49,HR,2026-06-11,9.14,18.75,9.61,27,0,17.48,7,0,0,0
49,HR,2026-06-12,10.47,18.11,7.64,23,0,4.1,6,0,0,0
49,HR,2026-06-15,9.86,19.24,9.38,21,2,17.24,5,0,0,0
49,HR,2026-06-16,9.89,19.36,9.47,26,0,16.49,6,0,0,0
49,HR,2026-06-17,9.6,19.71,10.11,15,0,15.12,6,0,0,0
49,HR,2026-06-18,10.57,19.16,8.6,19,1,16.42,7,0,0,0
49,HR,2026-06-19,9.98,20.37,10.39,21,0,18.79,6,0,0,0
49,HR,2026-06-22,10.85,19.49,8.64,20,0,16.71,5,0,0,0
49,HR,2026-06-23,8.87,19.41,10.54,25,0,16.04,4,0,0,0
49,HR,2026-06-24,9.41,19.64,10.23,19,1,15.04,6,0,0,0
49,HR,2026-06-25,9.42,18.87,9.45,13,0,19.34,7,0,0,0
49,HR,2026-06-26,9.13,19.23,10.1,29,0,18.8,5,0,0,0
49,HR,2026-06-29,9.46,20.24,10.77,20,0,17.66,5,0,0,0
49,HR,2026-06-30,10.31,19.63,9.31,27,1,12.67,6,0,0,0
49,HR,2026-07-01,9.27,19.47,10.2,25,4,19.18,6,0,0,0
49,HR,2026-07-02,9.05,20.16,11.11,21,0,22.78,5,0,0,0
49,HR,2026-07-03,10.07,18.86,8.79,27,0,15.4,6,0,0,0
49,HR,2026-07-05,10.1,19.54,9.44,24,0,14.14,7,0,1,0
49,HR,2026-07-06,9.64,18.71,9.07,23,0,17.73,6,0,0,0
49,HR,2026-07-07,9.22,20.25,11.03,19,0,13.91,6,0,0,0
49,HR,2026-07-08,8.79,20.11,11.32,26,0,20.15,7,0,0,0
49,HR,2026-07-09,9.06,20.43,11.38,23,1,23.96,5,0,0,0
49,HR,2026-07-10,10.17,18.85,8.69,23,0,16.22,5,0,0,0
49,HR,2026-07-13,9.91,20.1,10.19,14,1,17.18,6,0,0,0
49,HR,2026-07-14,10.43,18.57,8.14,20,0,16.33,6,0,0,0
49,HR,2026-07-15,9.57,19.47,9.9,21,0,18.65,6,0,0,0
49,HR,2026-07-16,10.12,18.74,8.62,23,0,17.4,6,0,0,0
49,HR,2026-07-17,10.08,18.39,8.3,22,0,15.02,6,0,0,0
49,HR,2026-07-20,10.43,19.59,9.16,16,0,27.3,7,0,0,0
49,HR,2026-07-21,9.8,19.1,9.3,28,0,19.49,6,0,0,0
49,HR,2026-07-22,9.01,19.74,10.73,18,0,20.66,5,0,0,0
49,HR,2026-07-23,10.0,20.23,10.24,24,0,19.75,4,0,0,0
49,HR,2026-07-24,10.52,19.33,8.8,25,0,16.28,5,0,0,0
49,HR,2026-07-27,9.16,19.78,10.62,22,0,22.87,6,0,0,0
50,HR,2026-04-29,9.19,18.58,9.38,20,0,22.1,6,0,0,0
50,HR,2026-04-30,9.32,18.9,9.58,27,0,22.99,5,0,0,0
50,HR,2026-05-01,8.69,18.17,9.49,19,1,22.88,3,0,0,0
50,HR,2026-05-04,10.03,19.17,9.13,33,0,20.79,4,0,0,0
50,HR,2026-05-05,9.59,18.59,9.0,19,1,19.19,2,0,0,0
50,HR,2026-05-06,9.42,18.37,8.95,19,0,22.96,5,0,0,0
50,HR,2026-05-07,9.26,18.91,9.65,18,0,11.6,3,0,0,0
50,HR,2026-05-08,9.25,19.14,9.89,16,1,19.8,4,0,0,0
50,HR,2026-05-11,10.36,19.26,8.9,22,0,17.62,5,0,0,0
50,HR,2026-05-12,9.02,17.6,8.58,26,0,22.26,4,0,0,0
50,HR,2026-05-13,9.38,18.33,8.95,14,0,25.38,5,0,0,0
50,HR,2026-05-14,8.89,19.42,10.53,18,1,19.56,6,0,0,0
50,HR,2026-05-15,9.07,19.59,10.52,23,0,18.88,3,0,0,0
50,HR,2026-05-18,9.4,19.59,10.18,30,0,16.52,4,0,0,0
50,HR,2026-05-19,9.38,19.09,9.71,23,0,17.59,5,0,0,0
50,HR,2026-05-20,9.83,19.29,9.45,23,2,19.12,6,0,0,0
50,HR,2026-05-21,8.66,19.1,10.44,30,0,12.79,4,0,0,0
50,HR,2026-05-22,9.64,19.11,9.47,22,0,14.82,5,0,0,0
50,HR,2026-05-25,8.54,19.93,11.39,19,0,15.97,4,0,0,0
50,HR,2026-05-26,9.2,18.89,9.69,26,0,13.14,4,0,0,0
50,HR,2026-05-27,9.17,17.86,8.69,25,0,15.56,4,0,0,0
50,HR,2026-05-28,9.62,17.58,7.96,24,1,16.32,6,0,0,0
50,HR,2026-05-29,9.04,18.55,9.51,19,0,16.17,4,0,0,0
50,HR,2026-06-01,8.98,18.97,9.99,30,0,16.34,4,0,0,0
50,HR,2026-06-02,9.09,17.96,8.87,24,1,16.88,4,0,0,0
50,HR,2026-06-03,9.13,19.04,9.91,17,0,15.65,5,0,0,0
50,HR,2026-06-04,9.63,19.49,9.86,28,1,17.13,3,0,0,0
50,HR,2026-06-05,8.78,17.85,9.07,19,0,16.82,4,0,0,0
50,HR,2026-06-06,9.71,18.33,8.62,26,0,23.08,4,0,1,0
50,HR,2026-06-08,8.51,19.46,10.96,17,1,16.86,5,0,0,0
50,HR,2026-06-09,9.34,18.7,9.35,23,1,20.7,4,0,0,0
50,HR,2026-06-10,9.13,18.98,9.85,28,0,24.0,6,0,0,0
50,HR,2026-06-11,8.47,19.0,10.52,16,0,11.98,4,0,0,0
50,HR,2026-06-12,9.06,18.46,9.4,19,1,19.83,5,0,0,0
50,HR,2026-06-14,8.39,19.04,10.65,25,2,16.57,4,0,1,0
50,HR,2026-06-15,9.47,19.06,9.59,16,0,18.63,4,0,0,0
50,HR,2026-06-16,9.35,18.93,9.58,28,0,11.3,4,0,0,0
50,HR,2026-06-17,9.72,18.52,8.8,16,0,23.94,5,0,0,0
50,HR,2026-06-18,10.54,19.7,9.16,20,0,13.98,4,0,0,0
50,HR,2026-06-19,9.52,19.7,10.19,22,0,15.52,6,0,0,0
50,HR,2026-06-20,9.7,19.89,10.19,23,0,21.83,5,0,1,0
50,HR,2026-06-22,9.52,18.58,9.06,23,0,19.54,5,0,0,0
50,HR,2026-06-23,9.8,19.05,9.25,20,0,16.12,3,0,0,0
50,HR,2026-06-24,8.8,18.25,9.44,18,0,14.97,6,0,0,0
50,HR,2026-06-25,9.29,19.1,9.81,22,0,14.65,6,0,0,0
50,HR,2026-06-26,9.45,18.71,9.27,27,0,20.58,5,0,0,0
50,HR,2026-06-29,9.28,18.51,9.23,26,0,17.35,3,0,0,0
50,HR,2026-06-30,10.01,18.28,8.27,22,1,17.03,4,0,0,0
50,HR,2026-07-01,9.6,19.23,9.63,17,1,26.45,4,0,0,0
50,HR,2026-07-02,9.46,19.1,9.64,24,0,25.35,5,0,0,0
50,HR,2026-07-03,9.17,19.23,10.06,27,0,16.45,2,0,0,0
50,HR,2026-07-05,8.23,19.15,10.92,15,0,18.57,5,0,1,0
50,HR,2026-07-06,8.74,18.39,9.65,16,0,16.32,4,0,0,0
50,HR,2026-07-07,10.3,18.95,8.64,15,0,14.52,3,0,0,0
50,HR,2026-07-08,8.89,19.47,10.58,23,0,15.83,5,0,0,0
50,HR,2026-07-09,9.35,18.93,9.58,24,2,10.92,6,0,0,0
50,HR,2026-07-10,9.95,19.29,9.33,25,0,23.09,5,0,0,0
50,HR,2026-07-11,9.68,18.35,8.67,20,1,22.76,3,0,1,0
50,HR,2026-07-13,8.74,18.8,10.06,12,0,22.97,5,0,0,0
50,HR,2026-07-14,9.84,18.6,8.76,17,0,21.75,6,0,0,0
50,HR,2026-07-15,9.76,18.67,8.92,21,1,18.26,3,0,0,0
50,HR,2026-07-16,9.35,18.9,9.54,31,0,29.12,4,0,0,0
50,HR,2026-07-17,9.87,17.99,8.12,24,0,20.56,3,0,0,0
50,HR,2026-07-19,9.35,18.67,9.31,23,0,13.34,5,0,1,0
50,HR,2026-07-20,9.44,19.84,10.4,22,1,20.61,4,0,0,0
50,HR,2026-07-21,9.26,19.44,10.18,22,0,17.9,6,0,0,0
50,HR,2026-07-22,9.11,18.41,9.3,18,0,23.36,5,0,0,0
50,HR,2026-07-23,10.04,18.84,8.81,25,0,11.3,6,0,0,0
50,HR,2026-07-24,9.2,19.32,10.11,18,0,14.93,5,0,0,0
50,HR,2026-07-27,9.2,17.68,8.48,24,0,17.85,4,0,0,0
51,IT,2026-04-29,7.49,18.79,11.3,38,2,19.62,4,0,0,0
51,IT,2026-04-30,7.93,18.43,10.5,38,0,12.58,5,0,0,0
51,IT,2026-05-01,8.03,17.68,9.65,37,0,15.83,4,0,0,0
51,IT,2026-05-04,7.91,18.05,10.14,29,0,19.31,4,0,0,0
51,IT,2026-05-05,9.27,17.64,8.37,41,1,11.31,4,0,0,0
51,IT,2026-05-06,7.6,18.53,10.94,25,0,12.44,3,0,0,0
51,IT,2026-05-07,8.66,18.76,10.1,35,0,9.12,5,0,0,0
51,IT,2026-05-08,8.11,17.43,9.32,36,0,10.96,4,0,0,0
51,IT,2026-05-11,7.58,18.47,10.89,31,1,13.71,6,0,0,0
51,IT,2026-05-12,7.95,17.75,9.8,36,0,8.04,3,0,0,0
51,IT,2026-05-13,8.36,17.87,9.52,34,2,13.71,3,0,0,0
51,IT,2026-05-14,7.6,17.62,10.02,24,0,17.61,2,0,0,0
51,IT,2026-05-15,8.4,17.76,9.36,34,0,5.02,3,0,0,0
51,IT,2026-05-17,7.83,18.59,10.77,35,0,13.66,3,0,1,0
51,IT,2026-05-18,7.72,18.17,10.45,35,0,17.71,4,0,0,0
51,IT,2026-05-19,7.55,18.65,11.1,26,0,20.88,4,0,0,0
51,IT,2026-05-20,8.15,16.79,8.64,34,0,13.66,4,0,0,0
51,IT,2026-05-21,7.43,17.84,10.41,26,0,15.45,2,0,0,0
51,IT,2026-05-22,7.18,18.38,11.2,30,0,13.76,5,0,0,0
51,IT,2026-05-23,7.17,17.81,10.64,32,0,20.15,4,0,1,0
51,IT,2026-05-25,7.79,18.05,10.27,27,1,16.2,4,0,0,0
51,IT,2026-05-26,8.22,17.43,9.21,32,0,11.38,5,0,0,0
51,IT,2026-05-27,7.48,17.78,10.3,36,0,12.98,4,0,0,0
51,IT,2026-05-28,7.91,17.84,9.93,40,0,11.29,7,0,0,0
51,IT,2026-05-29,8.24,18.02,9.78,28,1,5.58,4,0,0,0
51,IT,2026-06-01,8.61,18.2,9.59,35,0,3.4,3,0,0,0
51,IT,2026-06-02,8.46,17.71,9.25,37,0,10.29,4,0,0,0
51,IT,2026-06-03,7.87,17.62,9.75,33,0,10.86,3,0,0,0
51,IT,2026-06-04,8.08,19.22,11.14,26,0,6.68,3,0,0,0
51,IT,2026-06-05,8.34,17.21,8.87,42,0,17.91,3,0,0,0
51,IT,2026-06-08,7.71,18.71,11.0,30,0,10.64,5,0,0,0
51,IT,2026-06-09,7.3,17.37,10.07,35,0,8.45,4,0,0,0
51,IT,2026-06-10,7.9,18.04,10.14,34,0,10.3,3,0,0,0
51,IT,2026-06-11,7.0,18.14,11.14,27,0,12.42,5,0,0,0
51,IT,2026-06-12,7.68,17.84,10.15,22,0,16.44,5,0,0,0
51,IT,2026-06-15,7.55,18.41,10.87,29,0,14.12,3,0,0,0
51,IT,2026-06-16,8.07,17.62,9.55,43,0,12.62,2,0,0,0
51,IT,2026-06-17,7.69,18.23,10.54,30,0,16.97,5,0,0,0
51,IT,2026-06-18,7.59,18.3,10.7,42,0,10.42,3,0,0,0
51,IT,2026-06-19,7.84,17.51,9.67,38,0,15.15,5,0,0,0
51,IT,2026-06-22,7.8,19.0,11.2,41,0,11.31,6,0,0,0
51,IT,2026-06-23,8.15,19.27,11.12,36,2,7.37,5,0,0,0
51,IT,2026-06-24,8.12,17.88,9.75,29,0,7.63,4,0,0,0
51,IT,2026-06-25,8.17,17.45,9.28,43,0,13.35,4,0,0,0
51,IT,2026-06-26,8.02,17.27,9.25,42,1,7.1,3,0,0,0
51,IT,2026-06-28,8.26,17.96,9.7,35,0,21.51,4,0,1,0
51,IT,2026-06-29,8.3,17.61,9.31,30,0,13.57,5,0,0,0
51,IT,2026-06-30,8.27,18.13,9.87,34,0,23.24,4,0,0,0
51,IT,2026-07-01,7.7,17.45,9.75,28,0,8.35,3,0,0,0
51,IT,2026-07-02,8.11,18.48,10.37,29,1,4.98,5,0,0,0
51,IT,2026-07-03,7.54,17.69,10.15,27,0,11.65,5,0,0,0
51,IT,2026-07-04,8.11,17.55,9.44,32,0,9.47,3,0,1,0
51,IT,2026-07-06,7.51,18.39,10.88,32,0,15.85,3,0,0,0
51,IT,2026-07-07,7.88,17.02,9.14,29,0,11.25,5,0,0,0
51,IT,2026-07-08,8.2,17.21,9.01,27,0,18.21,5,0,0,0
51,IT,2026-07-09,8.49,17.01,8.52,41,0,10.0,4,0,0,0
51,IT,2026-07-10,7.26,18.16,10.9,38,1,3.7,3,0,0,0
51,IT,2026-07-13,8.28,18.61,10.33,35,0,13.69,6,0,0,0
51,IT,2026-07-14,8.02,17.42,9.4,31,0,12.32,3,0,0,0
51,IT,2026-07-15,8.09,17.83,9.73,29,0,5.98,4,0,0,0
51,IT,2026-07-16,8.18,18.31,10.13,33,1,20.14,4,0,0,0
51,IT,2026-07-17,8.57,18.53,9.96,27,0,12.42,5,0,0,0
51,IT,2026-07-18,8.86,17.77,8.92,29,1,12.55,3,0,1,0
51,IT,2026-07-20,8.46,18.0,9.54,38,0,8.06,6,0,0,0
51,IT,2026-07-21,7.72,18.33,10.61,26,0,13.32,3,0,0,0
51,IT,2026-07-22,7.68,18.26,10.57,33,0,13.25,4,0,0,0
51,IT,2026-07-23,7.82,16.59,8.77,32,1,11.0,3,0,0,0
51,IT,2026-07-24,8.05,17.09,9.04,34,0,5.65,5,0,0,0
51,IT,2026-07-26,8.53,17.22,8.69,34,0,5.0,4,0,1,0
51,IT,2026-07-27,7.65,18.71,11.06,33,0,10.3,4,0,0,0
52,Engineering,2026-04-29,8.92,17.38,8.46,22,0,23.29,3,0,0,0
52,Engineering,2026-04-30,8.08,19.4,11.31,26,2,26.17,3,0,0,0
52,Engineering,2026-05-01,7.39,19.28,11.89,13,1,20.45,3,0,0,0
52,Engineering,2026-05-04,8.85,17.95,9.11,22,2,20.23,3,0,0,0
52,Engineering,2026-05-05,7.7,19.23,11.53,20,1,19.46,5,0,0,0
52,Engineering,2026-05-06,7.71,20.03,12.32,16,2,27.97,2,0,0,0
52,Engineering,2026-05-07,8.6,19.2,10.6,25,2,22.8,2,0,0,0
52,Engineering,2026-05-08,8.35,18.28,9.93,21,2,24.16,2,0,0,0
52,Engineering,2026-05-09,8.14,18.92,10.79,22,0,24.47,4,0,1,0
52,Engineering,2026-05-11,7.79,19.54,11.75,30,1,27.65,1,0,0,0
52,Engineering,2026-05-12,8.95,18.24,9.29,22,0,25.87,3,0,0,0
52,Engineering,2026-05-13,8.52,18.51,9.99,24,2,21.07,2,0,0,0
52,Engineering,2026-05-14,8.74,18.82,10.08,29,1,28.77,5,0,0,0
52,Engineering,2026-05-15,8.73,19.27,10.54,26,0,21.84,3,0,0,0
52,Engineering,2026-05-16,8.1,18.97,10.88,25,1,25.53,2,0,1,0
52,Engineering,2026-05-18,7.56,18.84,11.28,27,0,20.89,2,0,0,0
52,Engineering,2026-05-19,8.12,18.42,10.3,23,1,14.66,3,0,0,0
52,Engineering,2026-05-20,8.86,18.11,9.25,18,1,25.63,1,0,0,0
52,Engineering,2026-05-21,7.85,18.13,10.28,20,0,26.82,1,0,0,0
52,Engineering,2026-05-22,8.04,18.33,10.29,21,0,26.89,3,0,0,0
52,Engineering,2026-05-25,7.24,19.18,11.94,27,1,20.52,4,0,0,0
52,Engineering,2026-05-26,7.55,18.96,11.41,22,0,19.8,2,0,0,0
52,Engineering,2026-05-27,8.65,19.84,11.19,23,0,28.9,2,0,0,0
52,Engineering,2026-05-28,7.77,18.47,10.7,17,2,20.07,1,0,0,0
52,Engineering,2026-05-29,8.43,20.18,11.75,24,1,24.77,2,0,0,0
52,Engineering,2026-06-01,8.03,18.15,10.12,16,1,22.11,1,0,0,0
52,Engineering,2026-06-02,7.37,19.6,12.23,22,0,24.14,3,0,0,0
52,Engineering,2026-06-03,7.45,18.43,10.98,19,1,18.97,2,0,0,0
52,Engineering,2026-06-04,7.79,19.17,11.37,21,1,24.93,3,0,0,0
52,Engineering,2026-06-05,8.27,19.02,10.76,23,0,33.44,3,0,0,0
52,Engineering,2026-06-08,7.21,18.61,11.4,26,2,19.03,3,0,0,0
52,Engineering,2026-06-09,7.93,18.38,10.45,14,3,19.83,3,0,0,0
52,Engineering,2026-06-10,8.03,18.32,10.28,25,0,25.28,3,0,0,0
52,Engineering,2026-06-11,7.53,19.32,11.8,16,1,28.13,2,0,0,0
52,Engineering,2026-06-12,8.06,17.63,9.56,28,1,26.68,2,0,0,0
52,Engineering,2026-06-15,9.04,18.78,9.73,24,0,29.39,3,0,0,0
52,Engineering,2026-06-16,7.27,19.05,11.78,21,1,23.08,3,0,0,0
52,Engineering,2026-06-17,8.31,18.04,9.73,14,0,27.15,1,0,0,0
52,Engineering,2026-06-18,7.57,19.32,11.75,30,1,18.3,2,0,0,0
52,Engineering,2026-06-19,7.84,18.51,10.67,26,1,16.16,4,0,0,0
52,Engineering,2026-06-20,8.79,19.17,10.38,31,1,28.42,1,0,1,0
52,Engineering,2026-06-22,8.28,18.97,10.7,25,0,25.96,2,0,0,0
52,Engineering,2026-06-23,8.17,18.66,10.48,24,1,19.52,4,0,0,0
52,Engineering,2026-06-24,8.22,19.9,11.68,28,0,18.58,1,0,0,0
52,Engineering,2026-06-25,8.5,18.84,10.34,14,3,14.2,2,0,0,0
52,Engineering,2026-06-26,7.91,18.57,10.66,21,1,28.09,2,0,0,0
52,Engineering,2026-06-29,7.9,19.34,11.44,34,3,26.13,2,0,0,0
52,Engineering,2026-06-30,8.88,17.97,9.09,20,0,35.11,1,0,0,0
52,Engineering,2026-07-01,7.99,18.55,10.56,20,1,34.51,2,0,0,0
52,Engineering,2026-07-02,7.04,19.08,12.04,31,1,27.12,2,0,0,0
52,Engineering,2026-07-03,8.01,18.55,10.54,27,0,24.85,2,0,0,0
52,Engineering,2026-07-06,7.83,19.14,11.31,33,1,28.05,3,0,0,0
52,Engineering,2026-07-07,8.6,19.76,11.16,31,1,22.68,2,0,0,0
52,Engineering,2026-07-08,8.19,17.88,9.69,25,1,21.1,2,0,0,0
52,Engineering,2026-07-09,8.06,18.61,10.54,20,0,31.68,3,0,0,0
52,Engineering,2026-07-10,9.02,18.68,9.66,22,2,23.57,5,0,0,0
52,Engineering,2026-07-13,7.56,17.88,10.32,24,0,20.78,4,0,0,0
52,Engineering,2026-07-14,8.36,18.22,9.86,19,2,27.68,4,0,0,0
52,Engineering,2026-07-15,7.69,18.65,10.96,16,1,27.64,5,0,0,0
52,Engineering,2026-07-16,7.76,17.96,10.21,31,1,24.56,2,0,0,0
52,Engineering,2026-07-17,7.39,19.11,11.72,17,0,21.64,2,0,0,0
52,Engineering,2026-07-20,7.68,19.05,11.37,21,0,24.12,2,0,0,0
52,Engineering,2026-07-21,8.64,18.63,9.99,17,0,22.75,1,0,0,0
52,Engineering,2026-07-22,8.22,18.64,10.42,29,2,24.73,2,0,0,0
52,Engineering,2026-07-23,7.8,19.74,11.95,21,1,28.54,3,0,0,0
52,Engineering,2026-07-24,7.51,18.5,10.99,26,0,22.69,2,0,0,0
52,Engineering,2026-07-27,6.95,19.18,12.23,23,0,18.42,2,0,0,0
53,Finance,2026-04-29,9.57,17.96,8.39,20,0,23.42,4,0,0,0
53,Finance,2026-04-30,9.37,18.84,9.47,22,0,21.78,4,0,0,0
53,Finance,2026-05-01,8.22,18.28,10.06,17,0,19.52,4,0,0,0
53,Finance,2026-05-02,9.26,18.5,9.24,21,0,25.05,4,0,1,0
53,Finance,2026-05-04,8.49,17.6,9.12,20,0,23.24,4,0,0,0
53,Finance,2026-05-05,9.09,18.95,9.86,13,1,22.25,6,0,0,0
53,Finance,2026-05-06,9.92,18.2,8.28,18,0,26.53,4,0,0,0
53,Finance,2026-05-07,8.83,16.88,8.05,19,1,25.23,4,0,0,0
53,Finance,2026-05-08,8.97,18.35,9.38,11,0,25.24,4,0,0,0
53,Finance,2026-05-11,8.8,17.67,8.87,8,0,20.28,5,0,0,0
53,Finance,2026-05-12,8.32,17.83,9.51,20,0,19.78,3,0,0,0
53,Finance,2026-05-13,8.87,19.22,10.35,17,0,24.1,3,0,0,0
53,Finance,2026-05-14,8.38,16.58,8.2,16,0,26.89,4,0,0,0
53,Finance,2026-05-15,9.01,18.62,9.61,14,0,20.48,5,0,0,0
53,Finance,2026-05-17,7.91,18.21,10.3,19,3,19.94,4,0,1,0
53,Finance,2026-05-18,8.71,17.5,8.79,21,0,22.47,4,0,0,0
53,Finance,2026-05-19,7.93,17.36,9.43,27,0,23.61,7,0,0,0
53,Finance,2026-05-20,8.14,18.05,9.91,22,0,12.79,5,0,0,0
53,Finance,2026-05-21,8.11,17.94,9.83,13,0,22.64,4,0,0,0
53,Finance,2026-05-22,8.9,18.15,9.25,23,0,23.15,4,0,0,0
53,Finance,2026-05-25,9.18,17.4,8.22,16,0,26.4,4,0,0,0
53,Finance,2026-05-26,9.56,17.86,8.3,19,0,23.97,4,0,0,0
53,Finance,2026-05-27,9.24,17.3,8.06,25,0,28.83,5,0,0,0
53,Finance,2026-05-28,8.61,18.71,10.1,21,0,25.58,6,0,0,0
53,Finance,2026-05-29,8.9,17.63,8.73,19,0,22.02,4,0,0,0
53,Finance,2026-06-01,8.36,16.65,8.29,18,0,25.31,3,0,0,0
53,Finance,2026-06-02,8.62,18.31,9.69,30,0,23.09,6,0,0,0
53,Finance,2026-06-03,8.15,17.95,9.8,18,0,22.65,4,0,0,0
53,Finance,2026-06-04,9.43,18.43,9.0,11,0,27.68,5,0,0,0
53,Finance,2026-06-05,8.91,19.26,10.35,20,0,16.58,4,0,0,0
53,Finance,2026-06-08,8.57,17.3,8.73,21,0,25.27,5,0,0,0
53,Finance,2026-06-09,9.65,18.81,9.16,24,1,27.49,6,0,0,0
53,Finance,2026-06-10,8.9,17.7,8.8,15,0,26.54,4,0,0,0
53,Finance,2026-06-11,8.54,18.15,9.61,17,1,20.9,5,0,0,0
53,Finance,2026-06-12,8.06,17.5,9.44,22,0,17.71,5,0,0,0
53,Finance,2026-06-15,9.26,18.04,8.79,22,0,27.6,3,0,0,0
53,Finance,2026-06-16,9.19,18.04,8.84,15,0,18.35,2,0,0,0
53,Finance,2026-06-17,8.12,17.91,9.78,15,0,22.69,4,0,0,0
53,Finance,2026-06-18,9.52,19.76,10.24,17,0,15.74,4,0,0,0
53,Finance,2026-06-19,8.72,18.24,9.52,27,0,26.09,4,0,0,0
53,Finance,2026-06-20,9.43,17.23,7.81,18,0,23.73,5,0,1,0
53,Finance,2026-06-21,8.87,17.23,8.36,18,0,19.45,5,0,1,0
53,Finance,2026-06-22,7.94,18.47,10.53,14,0,14.39,6,0,0,0
53,Finance,2026-06-23,9.17,18.33,9.16,18,1,22.46,4,0,0,0
53,Finance,2026-06-24,8.03,18.39,10.36,23,0,18.03,3,0,0,0
53,Finance,2026-06-25,9.53,17.57,8.05,21,0,18.91,4,0,0,0
53,Finance,2026-06-26,9.54,18.66,9.12,19,1,14.0,3,0,0,0
53,Finance,2026-06-29,9.23,18.14,8.91,12,0,24.48,5,0,0,0
53,Finance,2026-06-30,8.16,19.16,11.0,21,0,25.52,3,0,0,0
53,Finance,2026-07-01,8.51,17.0,8.49,16,0,17.5,4,0,0,0
53,Finance,2026-07-02,8.63,18.2,9.57,27,0,22.11,4,0,0,0
53,Finance,2026-07-03,7.71,18.73,11.01,22,0,28.74,5,0,0,0
53,Finance,2026-07-06,8.97,18.65,9.68,28,1,26.26,4,0,0,0
53,Finance,2026-07-07,8.09,18.02,9.93,21,2,17.3,3,0,0,0
53,Finance,2026-07-08,8.36,19.16,10.8,22,0,25.53,4,0,0,0
53,Finance,2026-07-09,9.77,17.49,7.72,10,1,18.92,3,0,0,0
53,Finance,2026-07-10,8.93,17.12,8.19,21,0,21.26,3,0,0,0
53,Finance,2026-07-13,8.95,18.32,9.37,22,0,18.0,5,0,0,0
53,Finance,2026-07-14,8.11,17.17,9.07,29,0,27.07,5,0,0,0
53,Finance,2026-07-15,8.88,17.59,8.71,20,0,19.04,5,0,0,0
53,Finance,2026-07-16,8.29,17.34,9.05,21,0,22.25,4,0,0,0
53,Finance,2026-07-17,9.34,17.47,8.13,17,0,20.3,5,0,0,0
53,Finance,2026-07-20,8.51,17.87,9.36,28,0,17.12,5,0,0,0
53,Finance,2026-07-21,9.65,19.38,9.73,20,0,17.38,3,0,0,0
53,Finance,2026-07-22,9.0,16.98,7.98,22,0,14.09,6,0,0,0
53,Finance,2026-07-23,9.68,17.24,7.55,10,1,27.44,5,0,0,0
53,Finance,2026-07-24,9.08,19.41,10.33,17,0,19.51,6,0,0,0
53,Finance,2026-07-27,8.68,18.4,9.72,19,0,18.67,6,0,0,0
54,IT,2026-04-29,8.68,16.63,7.95,14,0,6.48,5,0,0,0
54,IT,2026-04-30,8.35,17.26,8.91,20,0,1.62,3,0,0,0
54,IT,2026-05-01,9.29,16.64,7.35,17,1,2.24,4,0,0,0
54,IT,2026-05-04,8.39,16.37,7.98,18,0,8.99,6,0,0,0
54,IT,2026-05-05,8.29,17.09,8.8,19,0,1.81,5,0,0,0
54,IT,2026-05-06,8.8,17.84,9.04,23,0,3.15,3,0,0,0
54,IT,2026-05-07,8.43,17.5,9.07,19,0,4.3,4,0,0,0
54,IT,2026-05-08,9.52,16.97,7.45,24,1,2.8,4,0,0,0
54,IT,2026-05-09,8.84,17.69,8.85,20,0,10.9,5,0,1,0
54,IT,2026-05-10,8.15,17.14,8.99,19,1,1.27,4,0,1,0
54,IT,2026-05-11,8.24,16.78,8.55,23,0,6.43,7,0,0,0
54,IT,2026-05-12,8.48,18.24,9.76,17,1,5.13,5,0,0,0
54,IT,2026-05-13,8.56,17.5,8.94,20,0,0.0,5,0,0,0
54,IT,2026-05-14,9.05,16.7,7.65,25,1,0.72,6,0,0,0
54,IT,2026-05-15,9.27,17.68,8.4,20,0,4.28,6,0,0,0
54,IT,2026-05-17,9.09,16.89,7.79,14,0,2.85,5,0,1,0
54,IT,2026-05-18,9.25,16.56,7.3,10,0,1.67,4,0,0,0
54,IT,2026-05-19,8.68,17.62,8.94,10,1,4.53,5,0,0,0
54,IT,2026-05-20,9.2,16.52,7.32,22,1,0.75,6,0,0,0
54,IT,2026-05-21,8.12,17.54,9.41,22,0,4.49,4,0,0,0
54,IT,2026-05-22,7.99,16.76,8.77,20,0,3.39,4,0,0,0
54,IT,2026-05-25,8.96,17.3,8.34,16,0,0.0,4,0,0,0
54,IT,2026-05-26,7.79,17.13,9.35,14,0,7.65,5,0,0,0
54,IT,2026-05-27,8.71,16.03,7.31,11,0,0.0,4,0,0,0
54,IT,2026-05-28,8.86,17.31,8.45,15,0,8.74,5,0,0,0
54,IT,2026-05-29,8.59,16.97,8.38,7,0,0.1,4,0,0,0
54,IT,2026-06-01,8.53,16.76,8.23,17,0,0.57,5,0,0,0
54,IT,2026-06-02,8.47,16.07,7.6,13,0,0.0,4,0,0,0
54,IT,2026-06-03,8.69,16.94,8.26,15,0,0.0,5,0,0,0
54,IT,2026-06-04,8.14,17.52,9.38,28,2,1.82,5,0,0,0
54,IT,2026-06-05,8.46,16.55,8.09,17,1,0.0,5,0,0,0
54,IT,2026-06-08,9.12,17.13,8.01,16,0,3.83,3,0,0,0
54,IT,2026-06-09,8.76,17.53,8.77,24,0,3.59,5,0,0,0
54,IT,2026-06-10,9.28,16.71,7.43,12,0,0.0,4,0,0,0
54,IT,2026-06-11,8.94,16.4,7.46,27,0,4.96,4,0,0,0
54,IT,2026-06-12,8.85,16.01,7.16,20,0,5.25,4,0,0,0
54,IT,2026-06-15,8.4,16.53,8.13,17,1,4.21,6,0,0,0
54,IT,2026-06-16,8.58,16.94,8.36,18,0,2.1,6,0,0,0
54,IT,2026-06-17,8.83,17.2,8.37,18,0,3.96,4,0,0,0
54,IT,2026-06-18,8.0,17.37,9.37,22,0,3.27,4,0,0,0
54,IT,2026-06-19,8.69,16.88,8.2,15,0,1.57,4,0,0,0
54,IT,2026-06-22,7.97,16.45,8.48,16,0,3.67,4,0,0,0
54,IT,2026-06-23,8.41,16.21,7.8,20,0,3.6,6,0,0,0
54,IT,2026-06-24,9.35,16.96,7.61,13,0,7.07,5,0,0,0
54,IT,2026-06-25,7.93,16.64,8.71,15,1,9.56,7,0,0,0
54,IT,2026-06-26,9.04,16.8,7.76,24,0,0.0,3,0,0,0
54,IT,2026-06-29,8.26,17.87,9.6,19,0,0.0,5,0,0,0
54,IT,2026-06-30,8.98,18.1,9.12,14,1,3.67,4,0,0,0
54,IT,2026-07-01,8.2,16.69,8.49,14,1,1.95,4,0,0,0
54,IT,2026-07-02,8.64,15.77,7.13,18,0,0.0,5,0,0,0
54,IT,2026-07-03,8.9,17.88,8.98,17,1,3.81,6,0,0,0
54,IT,2026-07-04,8.97,17.8,8.84,19,0,1.7,4,0,1,0
54,IT,2026-07-05,8.47,16.6,8.13,19,0,1.22,5,0,1,0
54,IT,2026-07-06,8.19,16.93,8.75,24,0,0.0,5,0,0,0
54,IT,2026-07-07,7.84,16.41,8.57,16,0,7.18,5,0,0,0
54,IT,2026-07-08,8.4,17.51,9.11,19,0,4.11,6,0,0,0
54,IT,2026-07-09,9.11,16.28,7.17,20,0,4.39,5,0,0,0
54,IT,2026-07-10,8.61,16.76,8.14,5,0,0.0,5,0,0,0
54,IT,2026-07-12,8.46,16.26,7.8,11,0,0.0,5,0,1,0
54,IT,2026-07-13,9.01,17.56,8.55,15,0,0.34,5,0,0,0
54,IT,2026-07-14,8.57,17.24,8.67,18,2,4.26,7,0,0,0
54,IT,2026-07-15,8.37,17.63,9.26,14,0,0.0,5,0,0,0
54,IT,2026-07-16,8.16,16.48,8.32,16,1,2.78,3,0,0,0
54,IT,2026-07-17,8.67,16.89,8.22,10,0,3.48,5,0,0,0
54,IT,2026-07-20,8.83,17.2,8.38,21,1,0.0,4,0,0,0
54,IT,2026-07-21,7.78,16.34,8.56,15,0,0.0,7,0,0,0
54,IT,2026-07-22,8.0,18.0,10.0,17,1,0.0,4,0,0,0
54,IT,2026-07-23,8.42,17.51,9.09,19,0,1.37,6,0,0,0
54,IT,2026-07-24,8.95,17.19,8.24,19,0,1.54,5,0,0,0
54,IT,2026-07-26,9.07,17.57,8.5,20,0,5.05,5,0,1,0
54,IT,2026-07-27,8.32,16.05,7.73,21,0,11.73,4,0,0,0
55,Finance,2026-04-29,8.72,18.29,9.57,33,0,15.04,3,0,0,0
55,Finance,2026-04-30,9.58,17.74,8.17,29,0,16.74,4,0,0,0
55,Finance,2026-05-01,10.02,18.03,8.01,32,0,15.73,4,0,0,0
55,Finance,2026-05-03,9.57,17.79,8.22,21,0,13.27,3,0,1,0
55,Finance,2026-05-04,9.12,18.4,9.28,35,0,20.33,6,0,0,0
55,Finance,2026-05-05,8.39,16.58,8.2,35,0,12.4,3,0,0,0
55,Finance,2026-05-06,8.63,17.59,8.96,19,0,8.68,4,0,0,0
55,Finance,2026-05-07,8.71,17.86,9.15,24,1,18.53,4,0,0,0
55,Finance,2026-05-08,9.48,17.05,7.57,30,0,12.89,5,0,0,0
55,Finance,2026-05-11,9.78,17.99,8.21,19,0,8.54,4,0,0,0
55,Finance,2026-05-12,9.24,17.81,8.57,32,0,13.56,5,0,0,0
55,Finance,2026-05-13,8.79,17.38,8.59,23,0,20.12,5,0,0,0
55,Finance,2026-05-14,8.45,17.77,9.32,26,0,11.71,3,0,0,0
55,Finance,2026-05-15,9.53,17.97,8.45,27,0,15.75,4,0,0,0
55,Finance,2026-05-18,9.5,17.44,7.94,18,0,13.69,2,0,0,0
55,Finance,2026-05-19,8.44,18.63,10.19,26,0,13.34,2,0,0,0
55,Finance,2026-05-20,10.23,18.1,7.87,30,0,7.66,4,0,0,0
55,Finance,2026-05-21,9.3,16.69,7.39,35,0,16.39,5,0,0,0
55,Finance,2026-05-22,9.46,17.88,8.42,35,1,17.9,3,0,0,0
55,Finance,2026-05-24,8.94,17.37,8.43,25,0,14.59,5,0,1,0
55,Finance,2026-05-25,9.41,17.85,8.44,31,0,5.57,6,0,0,0
55,Finance,2026-05-26,8.68,18.43,9.75,24,0,20.74,3,0,0,0
55,Finance,2026-05-27,8.67,18.36,9.7,23,0,16.04,5,0,0,0
55,Finance,2026-05-28,9.2,18.57,9.37,30,0,21.2,4,0,0,0
55,Finance,2026-05-29,9.72,18.41,8.69,26,0,17.22,3,0,0,0
55,Finance,2026-06-01,9.46,17.58,8.11,27,0,11.49,5,0,0,0
55,Finance,2026-06-02,9.58,17.86,8.28,27,0,19.78,5,0,0,0
55,Finance,2026-06-03,9.38,18.06,8.68,29,0,18.98,4,0,0,0
55,Finance,2026-06-04,8.99,18.41,9.42,22,0,18.49,3,0,0,0
55,Finance,2026-06-05,8.59,17.61,9.02,22,0,14.5,5,0,0,0
55,Finance,2026-06-08,9.38,16.95,7.56,23,0,18.08,4,0,0,0
55,Finance,2026-06-09,9.4,18.97,9.57,24,0,14.23,5,0,0,0
55,Finance,2026-06-10,9.55,17.83,8.28,24,0,15.51,5,0,0,0
55,Finance,2026-06-11,8.55,17.3,8.74,25,0,10.75,4,0,0,0
55,Finance,2026-06-12,9.39,18.31,8.92,21,0,14.72,5,0,0,0
55,Finance,2026-06-15,8.95,18.95,10.0,33,0,16.16,4,0,0,0
55,Finance,2026-06-16,9.93,17.1,7.17,20,1,13.02,5,0,0,0
55,Finance,2026-06-17,9.02,17.71,8.69,32,0,21.2,3,0,0,0
55,Finance,2026-06-18,9.0,18.02,9.02,22,0,17.77,4,0,0,0
55,Finance,2026-06-19,9.1,17.53,8.43,29,0,21.86,3,0,0,0
55,Finance,2026-06-22,8.61,18.31,9.69,22,0,15.18,2,0,0,0
55,Finance,2026-06-23,9.02,17.18,8.16,19,0,17.47,5,0,0,0
55,Finance,2026-06-24,9.3,18.59,9.29,23,0,16.53,4,0,0,0
55,Finance,2026-06-25,9.24,18.0,8.76,33,0,16.13,6,0,0,0
55,Finance,2026-06-26,9.12,17.69,8.57,27,0,11.54,4,0,0,0
55,Finance,2026-06-29,8.84,16.95,8.11,33,0,17.42,5,0,0,0
55,Finance,2026-06-30,9.61,18.04,8.43,22,0,17.5,5,0,0,0
55,Finance,2026-07-01,9.46,17.93,8.48,25,0,18.26,5,0,0,0
55,Finance,2026-07-02,9.41,17.71,8.3,27,0,18.27,4,0,0,0
55,Finance,2026-07-03,9.12,18.84,9.71,31,0,16.35,4,0,0,0
55,Finance,2026-07-06,8.81,17.66,8.85,24,0,17.06,5,0,0,0
55,Finance,2026-07-07,8.63,17.89,9.26,24,0,16.96,5,0,0,0
55,Finance,2026-07-08,9.88,18.22,8.34,19,0,14.62,4,0,0,0
55,Finance,2026-07-09,9.96,19.83,9.87,17,0,19.08,6,0,0,0
55,Finance,2026-07-10,8.88,17.49,8.61,27,0,18.86,4,0,0,0
55,Finance,2026-07-13,9.02,17.72,8.71,30,0,21.56,3,0,0,0
55,Finance,2026-07-14,8.78,17.48,8.7,25,0,15.74,3,0,0,0
55,Finance,2026-07-15,8.35,17.54,9.19,20,0,12.56,5,0,0,0
55,Finance,2026-07-16,8.65,18.31,9.66,30,0,14.21,4,0,0,0
55,Finance,2026-07-17,8.72,17.52,8.81,29,0,8.11,3,0,0,0
55,Finance,2026-07-20,8.81,16.41,7.6,28,0,14.78,5,0,0,0
55,Finance,2026-07-21,9.23,18.35,9.12,20,0,8.79,6,0,0,0
55,Finance,2026-07-22,9.21,18.13,8.91,25,0,15.9,4,0,0,0
55,Finance,2026-07-23,8.79,18.38,9.6,26,0,10.29,4,0,0,0
55,Finance,2026-07-24,9.12,18.11,8.99,22,0,21.19,4,0,0,0
55,Finance,2026-07-27,8.41,18.23,9.82,33,0,13.57,5,0,0,0
56,Engineering,2026-04-29,7.98,16.42,8.44,37,0,14.08,5,0,0,0
56,Engineering,2026-04-30,8.88,17.98,9.1,31,0,18.52,1,0,0,0
56,Engineering,2026-05-01,8.79,17.38,8.59,43,0,16.3,3,0,0,0
56,Engineering,2026-05-02,8.35,16.06,7.71,37,0,25.3,2,0,1,0
56,Engineering,2026-05-04,8.55,17.23,8.67,39,0,13.95,1,0,0,0
56,Engineering,2026-05-05,8.83,16.74,7.91,29,0,9.82,2,0,0,0
56,Engineering,2026-05-06,8.65,17.71,9.07,38,0,16.36,2,0,0,0
56,Engineering,2026-05-07,7.9,17.7,9.8,39,0,13.0,3,0,0,0
56,Engineering,2026-05-08,9.25,17.43,8.19,34,0,16.18,2,0,0,0
56,Engineering,2026-05-11,8.52,16.53,8.01,35,0,16.27,4,0,0,0
56,Engineering,2026-05-12,8.95,17.61,8.66,32,0,9.83,4,0,0,0
56,Engineering,2026-05-13,8.9,16.65,7.75,39,0,9.94,1,0,0,0
56,Engineering,2026-05-14,8.14,17.33,9.19,39,0,14.73,3,0,0,0
56,Engineering,2026-05-15,8.36,17.88,9.52,38,0,15.4,4,0,0,0
56,Engineering,2026-05-16,8.26,17.06,8.79,37,1,10.23,3,0,1,0
56,Engineering,2026-05-18,8.41,15.8,7.39,46,0,4.16,4,0,0,0
56,Engineering,2026-05-19,9.73,17.03,7.3,33,0,16.91,2,0,0,0
56,Engineering,2026-05-20,8.02,16.55,8.52,37,0,9.95,4,0,0,0
56,Engineering,2026-05-21,9.0,16.36,7.36,39,0,15.74,3,0,0,0
56,Engineering,2026-05-22,8.56,18.27,9.72,36,0,16.19,3,0,0,0
56,Engineering,2026-05-25,8.13,16.38,8.25,44,0,12.17,4,0,0,0
56,Engineering,2026-05-26,9.58,17.17,7.59,37,0,15.55,2,0,0,0
56,Engineering,2026-05-27,9.14,17.83,8.69,37,0,11.52,3,0,0,0
56,Engineering,2026-05-28,8.33,17.49,9.16,41,0,20.54,2,0,0,0
56,Engineering,2026-05-29,8.62,16.81,8.19,44,0,14.16,3,0,0,0
56,Engineering,2026-06-01,8.95,17.81,8.85,45,0,12.71,2,0,0,0
56,Engineering,2026-06-02,7.49,17.22,9.73,26,0,12.95,3,0,0,0
56,Engineering,2026-06-03,8.95,16.98,8.03,41,0,9.05,3,0,0,0
56,Engineering,2026-06-04,8.91,15.82,6.92,36,0,13.6,1,0,0,0
56,Engineering,2026-06-05,8.05,16.98,8.93,43,0,18.76,3,0,0,0
56,Engineering,2026-06-07,8.93,17.33,8.4,36,0,10.31,2,0,1,0
56,Engineering,2026-06-08,8.88,16.93,8.05,34,0,7.51,4,0,0,0
56,Engineering,2026-06-09,9.03,18.05,9.02,33,0,18.54,4,0,0,0
56,Engineering,2026-06-10,8.45,17.07,8.61,31,0,7.09,3,0,0,0
56,Engineering,2026-06-11,8.66,17.36,8.7,36,0,16.05,1,0,0,0
56,Engineering,2026-06-12,8.49,17.7,9.21,42,0,15.34,1,0,0,0
56,Engineering,2026-06-14,8.91,18.0,9.09,29,0,8.59,2,0,1,0
56,Engineering,2026-06-15,9.23,16.46,7.23,38,0,16.33,3,0,0,0
56,Engineering,2026-06-16,8.45,18.34,9.9,30,0,19.89,1,0,0,0
56,Engineering,2026-06-17,9.17,16.98,7.81,43,0,18.18,3,0,0,0
56,Engineering,2026-06-18,8.66,17.7,9.04,32,0,14.32,2,0,0,0
56,Engineering,2026-06-19,7.91,17.46,9.55,38,0,13.51,4,0,0,0
56,Engineering,2026-06-22,7.99,17.58,9.59,35,0,16.62,3,0,0,0
56,Engineering,2026-06-23,8.38,17.99,9.6,27,0,19.35,3,0,0,0
56,Engineering,2026-06-24,7.99,16.51,8.52,37,0,17.56,3,0,0,0
56,Engineering,2026-06-25,8.05,17.45,9.41,29,0,14.92,3,0,0,0
56,Engineering,2026-06-26,8.73,16.16,7.43,28,0,16.15,4,0,0,0
56,Engineering,2026-06-27,8.39,17.57,9.19,36,0,14.93,3,0,1,0
56,Engineering,2026-06-29,8.27,17.87,9.6,36,0,22.99,1,0,0,0
56,Engineering,2026-06-30,8.34,17.67,9.32,37,0,18.33,3,0,0,0
56,Engineering,2026-07-01,8.52,17.91,9.39,33,0,19.78,1,0,0,0
56,Engineering,2026-07-02,9.36,17.88,8.52,35,1,17.51,2,0,0,0
56,Engineering,2026-07-03,9.26,17.38,8.12,40,0,15.13,2,0,0,0
56,Engineering,2026-07-06,8.19,17.15,8.96,35,0,14.36,3,0,0,0
56,Engineering,2026-07-07,7.7,17.34,9.64,35,0,16.85,2,0,0,0
56,Engineering,2026-07-08,8.41,17.68,9.27,38,0,18.09,3,0,0,0
56,Engineering,2026-07-09,7.4,16.77,9.37,41,1,11.01,3,0,0,0
56,Engineering,2026-07-10,8.55,16.52,7.97,44,0,14.02,3,0,0,0
56,Engineering,2026-07-11,7.93,18.17,10.24,33,0,9.95,3,0,1,0
56,Engineering,2026-07-13,8.81,18.0,9.19,39,0,16.53,3,0,0,0
56,Engineering,2026-07-14,8.39,16.54,8.16,41,2,12.21,3,0,0,0
56,Engineering,2026-07-15,7.95,17.12,9.17,33,0,28.16,2,0,0,0
56,Engineering,2026-07-16,8.75,17.23,8.48,33,0,9.58,2,0,0,0
56,Engineering,2026-07-17,8.09,17.04,8.95,40,0,13.34,2,0,0,0
56,Engineering,2026-07-20,8.79,17.26,8.46,39,0,9.98,3,0,0,0
56,Engineering,2026-07-21,8.49,17.62,9.13,36,0,13.58,3,0,0,0
56,Engineering,2026-07-22,8.19,18.06,9.87,29,0,19.22,4,0,0,0
56,Engineering,2026-07-23,8.35,16.95,8.6,38,0,10.33,2,0,0,0
56,Engineering,2026-07-24,8.6,17.2,8.6,37,0,19.13,4,0,0,0
56,Engineering,2026-07-27,8.58,17.7,9.12,28,0,12.86,1,0,0,0
57,Sales,2026-04-29,8.65,16.79,8.13,15,2,7.31,3,0,0,0
57,Sales,2026-04-30,9.14,18.19,9.05,11,1,13.13,3,0,0,0
57,Sales,2026-05-01,7.67,17.51,9.84,11,0,15.47,3,0,0,0
57,Sales,2026-05-04,8.1,16.55,8.45,14,2,20.27,3,0,0,0
57,Sales,2026-05-05,9.07,17.51,8.43,16,0,9.86,2,0,0,0
57,Sales,2026-05-06,7.83,17.5,9.67,16,0,14.88,3,0,0,0
57,Sales,2026-05-07,8.06,17.86,9.8,12,1,12.05,2,0,0,0
57,Sales,2026-05-08,7.89,17.23,9.34,19,0,10.23,3,0,0,0
57,Sales,2026-05-11,8.15,17.42,9.27,11,0,14.04,3,0,0,0
57,Sales,2026-05-12,8.95,18.31,9.36,13,0,13.12,2,0,0,0
57,Sales,2026-05-13,8.78,17.7,8.92,19,0,7.6,4,0,0,0
57,Sales,2026-05-14,8.03,17.85,9.83,15,1,3.57,3,0,0,0
57,Sales,2026-05-15,8.42,18.2,9.78,18,2,11.2,2,0,0,0
57,Sales,2026-05-18,8.47,17.69,9.22,9,2,9.85,2,0,0,0
57,Sales,2026-05-19,9.07,17.65,8.58,17,0,10.45,3,0,0,0
57,Sales,2026-05-20,8.5,18.39,9.9,16,1,7.14,2,0,0,0
57,Sales,2026-05-21,8.71,16.69,7.98,8,1,15.69,2,0,0,0
57,Sales,2026-05-22,8.94,17.7,8.76,7,1,10.43,2,0,0,0
57,Sales,2026-05-23,7.77,17.65,9.88,12,0,0.78,2,0,1,0
57,Sales,2026-05-24,9.24,18.04,8.79,10,0,16.92,3,0,1,0
57,Sales,2026-05-25,8.41,16.82,8.41,14,0,5.92,1,0,0,0
57,Sales,2026-05-26,9.31,17.83,8.52,12,0,10.03,3,0,0,0
57,Sales,2026-05-27,8.87,17.8,8.92,21,2,14.11,1,0,0,0
57,Sales,2026-05-28,8.4,18.89,10.49,13,0,12.27,1,0,0,0
57,Sales,2026-05-29,8.81,17.96,9.15,14,2,13.03,4,0,0,0
57,Sales,2026-05-30,7.57,17.74,10.16,18,1,5.2,3,0,1,0
57,Sales,2026-06-01,8.27,17.59,9.32,9,0,8.69,2,0,0,0
57,Sales,2026-06-02,8.13,16.75,8.62,13,1,14.18,4,0,0,0
57,Sales,2026-06-03,7.81,17.41,9.6,15,1,20.09,1,0,0,0
57,Sales,2026-06-04,8.05,18.64,10.59,12,3,12.03,2,0,0,0
57,Sales,2026-06-05,8.16,17.98,9.82,4,0,10.72,2,0,0,0
57,Sales,2026-06-08,7.17,18.03,10.87,17,1,5.54,1,0,0,0
57,Sales,2026-06-09,8.7,16.95,8.25,23,1,10.05,2,0,0,0
57,Sales,2026-06-10,7.55,17.48,9.93,13,2,7.91,2,0,0,0
57,Sales,2026-06-11,8.99,17.62,8.63,17,1,16.03,3,0,0,0
57,Sales,2026-06-12,8.8,18.53,9.73,22,1,8.92,3,0,0,0
57,Sales,2026-06-15,8.53,17.82,9.29,17,4,11.8,1,0,0,0
57,Sales,2026-06-16,7.9,18.31,10.41,13,3,8.06,1,0,0,0
57,Sales,2026-06-17,7.54,18.56,11.02,9,0,10.27,2,0,0,0
57,Sales,2026-06-18,7.69,17.57,9.88,6,2,8.98,3,0,0,0
57,Sales,2026-06-19,8.52,17.0,8.48,13,0,17.28,1,0,0,0
57,Sales,2026-06-20,8.63,17.2,8.58,16,0,10.01,3,0,1,0
57,Sales,2026-06-21,8.29,17.46,9.17,8,1,13.59,3,0,1,0
57,Sales,2026-06-22,8.44,17.03,8.59,19,0,15.94,2,0,0,0
57,Sales,2026-06-23,8.0,17.54,9.54,10,0,12.19,3,0,0,0
57,Sales,2026-06-24,8.53,16.19,7.66,15,1,12.91,2,0,0,0
57,Sales,2026-06-25,8.98,17.6,8.62,17,1,6.45,3,0,0,0
57,Sales,2026-06-26,8.8,17.23,8.43,8,1,8.66,2,0,0,0
57,Sales,2026-06-29,8.77,17.2,8.43,16,1,9.0,3,0,0,0
57,Sales,2026-06-30,8.43,17.08,8.65,4,0,7.38,3,0,0,0
57,Sales,2026-07-01,8.25,17.26,9.0,8,0,8.14,2,0,0,0
57,Sales,2026-07-02,8.24,17.26,9.03,14,1,11.32,2,0,0,0
57,Sales,2026-07-03,8.9,17.81,8.92,9,1,6.81,2,0,0,0
57,Sales,2026-07-06,8.37,16.83,8.46,14,0,14.96,1,0,0,0
57,Sales,2026-07-07,7.86,18.38,10.52,13,0,13.38,1,0,0,0
57,Sales,2026-07-08,7.56,17.09,9.53,16,0,12.01,2,0,0,0
57,Sales,2026-07-09,8.45,18.27,9.82,19,1,5.95,3,0,0,0
57,Sales,2026-07-10,8.48,17.88,9.4,13,1,18.79,1,0,0,0
57,Sales,2026-07-13,8.66,17.36,8.7,16,1,11.53,4,0,0,0
57,Sales,2026-07-14,7.97,17.32,9.35,16,1,9.43,1,0,0,0
57,Sales,2026-07-15,8.11,16.61,8.5,9,1,14.26,2,0,0,0
57,Sales,2026-07-16,8.79,16.6,7.81,20,0,7.18,3,0,0,0
57,Sales,2026-07-17,8.14,17.93,9.79,9,2,14.3,2,0,0,0
57,Sales,2026-07-20,8.41,18.58,10.17,11,1,14.67,2,0,0,0
57,Sales,2026-07-21,8.02,18.44,10.42,21,1,14.61,2,0,0,0
57,Sales,2026-07-22,7.97,18.33,10.36,23,1,6.38,1,0,0,0
57,Sales,2026-07-23,8.43,18.23,9.8,9,0,13.28,3,0,0,0
57,Sales,2026-07-24,8.5,17.72,9.22,14,1,7.14,2,0,0,0
57,Sales,2026-07-25,8.78,16.49,7.71,12,0,5.88,5,0,1,0
57,Sales,2026-07-27,9.07,17.61,8.54,12,0,14.24,3,0,0,0
58,IT,2026-04-29,9.34,19.33,9.99,30,0,7.46,4,0,0,0
58,IT,2026-04-30,9.03,17.93,8.9,34,0,4.77,6,0,0,0
58,IT,2026-05-01,9.65,19.47,9.83,31,0,10.79,3,0,0,0
58,IT,2026-05-04,8.41,18.98,10.56,30,0,9.28,4,0,0,0
58,IT,2026-05-05,9.07,19.24,10.18,29,0,7.55,4,0,0,0
58,IT,2026-05-06,8.91,19.49,10.59,33,0,7.94,4,0,0,0
58,IT,2026-05-07,9.18,20.15,10.97,36,0,3.2,5,0,0,0
58,IT,2026-05-08,8.24,19.85,11.61,39,0,17.86,4,0,0,0
58,IT,2026-05-11,8.69,18.88,10.18,34,0,11.67,5,0,0,0
58,IT,2026-05-12,9.14,20.28,11.15,35,1,11.01,4,0,0,0
58,IT,2026-05-13,8.74,19.26,10.52,26,0,13.84,4,0,0,0
58,IT,2026-05-14,9.73,19.64,9.91,33,0,14.91,5,0,0,0
58,IT,2026-05-15,10.06,18.8,8.75,23,0,11.52,5,0,0,0
58,IT,2026-05-17,22.0,23.7,1.7,32,0,9.61,4,1,1,1
58,IT,2026-05-18,9.8,18.09,8.3,33,1,9.84,6,0,0,0
58,IT,2026-05-19,9.62,19.22,9.6,38,1,8.29,3,0,0,0
58,IT,2026-05-20,9.21,19.31,10.11,95,10,9.61,4,0,0,1
58,IT,2026-05-21,9.06,19.02,9.96,32,1,15.01,3,0,0,0
58,IT,2026-05-22,8.52,21.0,12.48,39,0,19.4,5,1,0,0
58,IT,2026-05-23,9.94,18.88,8.94,35,0,11.36,4,0,1,0
58,IT,2026-05-25,9.01,19.54,10.52,33,0,6.12,4,0,0,0
58,IT,2026-05-26,8.78,20.84,12.06,30,0,12.32,2,0,0,0
58,IT,2026-05-27,9.6,19.13,9.54,39,0,17.07,3,0,0,0
58,IT,2026-05-28,8.85,19.99,11.14,32,0,12.66,5,0,0,0
58,IT,2026-05-29,10.26,19.62,9.36,38,0,7.18,3,0,0,0
58,IT,2026-06-01,9.13,18.84,9.71,36,0,3.02,5,0,0,0
58,IT,2026-06-02,8.99,20.03,11.04,32,0,3.75,2,0,0,0
58,IT,2026-06-03,8.98,19.26,10.29,28,0,7.03,5,0,0,0
58,IT,2026-06-04,9.59,19.38,9.8,43,0,5.8,3,0,0,0
58,IT,2026-06-05,22.0,22.66,0.66,32,0,9.61,4,1,0,1
58,IT,2026-06-08,9.75,20.28,10.53,20,1,12.68,6,0,0,0
58,IT,2026-06-09,8.91,18.55,9.64,30,0,13.35,4,0,0,0
58,IT,2026-06-10,9.93,19.17,9.24,30,0,8.57,5,0,0,0
58,IT,2026-06-11,9.73,19.62,9.89,33,0,3.59,6,0,0,0
58,IT,2026-06-12,9.98,19.41,9.43,43,0,14.76,4,0,0,0
58,IT,2026-06-15,8.82,18.69,9.87,37,0,15.19,4,0,0,0
58,IT,2026-06-16,8.72,19.78,11.06,25,0,3.71,4,0,0,0
58,IT,2026-06-17,8.85,19.97,11.12,31,0,2.59,3,0,0,0
58,IT,2026-06-18,8.94,19.47,10.52,32,0,9.97,4,0,0,0
58,IT,2026-06-19,8.92,19.12,10.2,28,0,8.36,3,0,0,0
58,IT,2026-06-20,9.9,20.22,10.31,23,1,3.56,2,0,1,0
58,IT,2026-06-21,23.0,25.36,2.36,258,0,9.61,4,1,1,1
58,IT,2026-06-22,9.02,19.94,10.92,28,0,4.4,5,0,0,0
58,IT,2026-06-23,8.76,20.28,11.52,33,0,6.17,3,0,0,0
58,IT,2026-06-24,9.1,20.06,10.96,28,0,2.31,3,0,0,0
58,IT,2026-06-25,9.48,18.6,9.12,28,0,9.59,4,0,0,0
58,IT,2026-06-26,8.87,19.97,11.11,27,0,16.05,2,0,0,0
58,IT,2026-06-29,8.48,20.24,11.76,36,0,15.52,4,0,0,0
58,IT,2026-06-30,8.73,20.5,11.77,36,0,5.77,4,0,0,0
58,IT,2026-07-01,9.47,18.72,9.26,26,0,7.45,2,0,0,0
58,IT,2026-07-02,9.38,19.26,9.88,33,0,8.2,4,0,0,0
58,IT,2026-07-03,9.14,19.28,10.14,35,0,8.48,5,0,0,0
58,IT,2026-07-05,9.67,19.03,9.36,30,0,9.84,3,0,1,0
58,IT,2026-07-06,9.63,19.44,9.82,32,0,7.1,4,0,0,0
58,IT,2026-07-07,9.48,19.7,10.22,40,0,12.22,5,0,0,0
58,IT,2026-07-08,4.0,4.86,0.86,32,0,9.61,4,1,0,1
58,IT,2026-07-09,8.71,19.44,10.73,33,0,13.07,4,0,0,0
58,IT,2026-07-10,9.39,20.32,10.93,48,0,7.91,6,0,0,0
58,IT,2026-07-13,9.3,19.05,9.75,39,0,8.87,4,0,0,0
58,IT,2026-07-14,2.0,3.96,1.96,340,0,9.61,4,1,0,1
58,IT,2026-07-15,9.49,19.5,10.0,28,1,11.94,6,0,0,0
58,IT,2026-07-16,9.22,19.57,10.34,37,1,8.62,5,0,0,0
58,IT,2026-07-17,9.39,20.36,10.97,27,0,13.22,4,0,0,0
58,IT,2026-07-20,10.08,20.09,10.01,29,0,6.46,4,0,0,0
58,IT,2026-07-21,9.24,18.87,9.63,27,0,14.19,4,0,0,0
58,IT,2026-07-22,8.81,18.78,9.97,29,0,4.85,5,0,0,0
58,IT,2026-07-23,9.51,18.81,9.3,28,0,11.7,5,0,0,0
58,IT,2026-07-24,9.21,19.3,10.09,27,0,0.0,3,0,0,0
58,IT,2026-07-27,9.43,19.7,10.27,30,0,6.19,2,0,0,0
59,Legal,2026-04-29,10.09,17.9,7.82,28,0,26.0,3,0,0,0
59,Legal,2026-04-30,9.65,16.83,7.18,31,0,13.82,2,0,0,0
59,Legal,2026-05-01,9.94,16.75,6.81,25,0,21.5,2,0,0,0
59,Legal,2026-05-02,9.68,16.55,6.86,30,0,13.75,4,0,1,0
59,Legal,2026-05-04,9.86,16.75,6.9,20,1,18.87,3,0,0,0
59,Legal,2026-05-05,10.31,16.1,5.8,35,0,14.28,2,0,0,0
59,Legal,2026-05-06,9.62,17.27,7.66,27,0,17.34,2,0,0,0
59,Legal,2026-05-07,9.93,16.36,6.43,27,0,19.92,5,0,0,0
59,Legal,2026-05-08,10.12,17.08,6.97,25,0,12.57,1,0,0,0
59,Legal,2026-05-11,10.06,17.07,7.01,23,0,9.66,2,0,0,0
59,Legal,2026-05-12,9.47,17.38,7.9,24,0,10.91,1,0,0,0
59,Legal,2026-05-13,10.67,16.77,6.1,18,0,18.86,3,0,0,0
59,Legal,2026-05-14,9.47,16.56,7.08,23,0,17.42,1,0,0,0
59,Legal,2026-05-15,10.01,16.9,6.89,25,2,18.54,2,0,0,0
59,Legal,2026-05-17,10.12,16.68,6.56,35,0,14.12,3,0,1,0
59,Legal,2026-05-18,10.03,17.52,7.49,20,0,14.28,2,0,0,0
59,Legal,2026-05-19,10.24,17.35,7.11,23,1,10.65,2,0,0,0
59,Legal,2026-05-20,10.44,16.5,6.06,23,0,5.94,3,0,0,0
59,Legal,2026-05-21,9.4,16.96,7.56,26,0,11.67,3,0,0,0
59,Legal,2026-05-22,10.68,16.73,6.05,30,0,18.98,3,0,0,0
59,Legal,2026-05-25,9.57,16.52,6.95,20,0,16.21,1,0,0,0
59,Legal,2026-05-26,9.41,16.56,7.14,26,2,8.31,3,0,0,0
59,Legal,2026-05-27,9.72,15.99,6.28,34,2,16.83,1,0,0,0
59,Legal,2026-05-28,10.14,18.12,7.98,32,0,17.77,2,0,0,0
59,Legal,2026-05-29,9.9,16.11,6.2,26,2,16.18,3,0,0,0
59,Legal,2026-05-31,9.63,16.23,6.6,17,1,15.81,3,0,1,0
59,Legal,2026-06-01,9.68,16.69,7.01,16,0,17.17,2,0,0,0
59,Legal,2026-06-02,10.97,16.44,5.46,33,0,15.66,2,0,0,0
59,Legal,2026-06-03,9.72,17.14,7.42,29,0,12.45,1,0,0,0
59,Legal,2026-06-04,9.57,15.65,6.08,33,0,9.99,2,0,0,0
59,Legal,2026-06-05,10.09,18.28,8.18,22,1,13.1,4,0,0,0
59,Legal,2026-06-07,9.23,16.58,7.36,23,1,16.37,3,0,1,0
59,Legal,2026-06-08,9.83,17.4,7.57,31,0,11.24,1,0,0,0
59,Legal,2026-06-09,9.92,16.68,6.76,30,0,8.86,3,0,0,0
59,Legal,2026-06-10,9.93,17.11,7.18,20,3,18.34,3,0,0,0
59,Legal,2026-06-11,10.17,16.18,6.01,29,1,10.05,4,0,0,0
59,Legal,2026-06-12,10.35,17.39,7.05,22,4,14.34,3,0,0,0
59,Legal,2026-06-15,9.98,17.66,7.68,19,1,5.51,2,0,0,0
59,Legal,2026-06-16,10.37,16.94,6.57,28,1,13.69,2,0,0,0
59,Legal,2026-06-17,10.23,16.4,6.17,14,0,10.43,2,0,0,0
59,Legal,2026-06-18,9.72,16.14,6.43,23,0,15.19,2,0,0,0
59,Legal,2026-06-19,9.65,17.38,7.73,27,1,13.17,2,0,0,0
59,Legal,2026-06-20,9.99,16.11,6.12,29,1,10.85,1,0,1,0
59,Legal,2026-06-22,9.88,16.28,6.4,33,0,12.27,2,0,0,0
59,Legal,2026-06-23,8.98,17.16,8.17,22,0,14.35,3,0,0,0
59,Legal,2026-06-24,10.69,16.82,6.13,30,0,9.09,3,0,0,0
59,Legal,2026-06-25,9.64,16.08,6.44,18,1,11.71,3,0,0,0
59,Legal,2026-06-26,8.4,16.65,8.25,20,0,16.37,2,0,0,0
59,Legal,2026-06-27,10.05,17.18,7.14,21,2,15.5,2,0,1,0
59,Legal,2026-06-29,9.64,16.99,7.34,22,0,16.6,2,0,0,0
59,Legal,2026-06-30,9.6,16.99,7.39,16,0,18.43,3,0,0,0
59,Legal,2026-07-01,9.91,16.43,6.52,28,0,17.67,1,0,0,0
59,Legal,2026-07-02,9.27,16.72,7.46,19,1,18.03,3,0,0,0
59,Legal,2026-07-03,10.63,17.92,7.29,26,0,12.85,2,0,0,0
59,Legal,2026-07-05,9.57,17.64,8.07,23,0,20.76,2,0,1,0
59,Legal,2026-07-06,9.42,16.72,7.3,26,2,20.04,2,0,0,0
59,Legal,2026-07-07,10.18,17.51,7.34,26,2,17.49,4,0,0,0
59,Legal,2026-07-08,10.77,17.14,6.38,28,0,16.57,3,0,0,0
59,Legal,2026-07-09,10.54,17.39,6.84,25,2,10.92,3,0,0,0
59,Legal,2026-07-10,10.18,17.18,7.0,33,0,16.79,3,0,0,0
59,Legal,2026-07-13,10.06,16.78,6.72,28,3,18.96,1,0,0,0
59,Legal,2026-07-14,10.17,16.84,6.67,17,1,13.57,3,0,0,0
59,Legal,2026-07-15,8.71,17.43,8.72,31,1,7.61,1,0,0,0
59,Legal,2026-07-16,10.06,16.91,6.84,17,1,9.7,4,0,0,0
59,Legal,2026-07-17,10.2,16.31,6.12,26,0,7.29,3,0,0,0
59,Legal,2026-07-20,9.97,16.37,6.4,24,2,18.62,4,0,0,0
59,Legal,2026-07-21,10.91,15.99,5.08,22,0,7.54,2,0,0,0
59,Legal,2026-07-22,10.46,16.06,5.6,29,0,18.1,3,0,0,0
59,Legal,2026-07-23,9.0,16.51,7.51,30,2,17.6,1,0,0,0
59,Legal,2026-07-24,9.33,16.56,7.23,25,1,17.39,3,0,0,0
59,Legal,2026-07-27,9.54,17.44,7.9,22,1,18.1,2,0,0,0
60,Legal,2026-04-29,8.18,16.76,8.58,31,0,16.02,2,0,0,0
60,Legal,2026-04-30,10.11,16.75,6.64,30,0,16.25,5,0,0,0
60,Legal,2026-05-01,9.96,16.16,6.2,21,0,7.16,3,0,0,0
60,Legal,2026-05-03,9.36,16.7,7.34,29,0,17.2,6,0,1,0
60,Legal,2026-05-04,9.47,17.61,8.14,32,1,16.32,4,0,0,0
60,Legal,2026-05-05,9.18,17.23,8.05,87,0,647.45,4,0,0,1
60,Legal,2026-05-06,9.96,17.13,7.17,31,0,17.57,3,0,0,0
60,Legal,2026-05-07,9.25,17.88,8.63,27,0,10.88,3,0,0,0
60,Legal,2026-05-08,9.01,16.73,7.72,19,0,21.1,3,0,0,0
60,Legal,2026-05-11,9.12,17.58,8.46,25,1,17.14,3,0,0,0
60,Legal,2026-05-12,9.38,16.44,7.06,46,0,21.22,2,0,0,0
60,Legal,2026-05-13,8.97,17.66,8.69,24,0,17.64,5,0,0,0
60,Legal,2026-05-14,9.32,18.05,8.73,34,1,16.57,3,0,0,0
60,Legal,2026-05-15,9.18,17.23,8.05,101,5,16.65,4,0,0,1
60,Legal,2026-05-18,8.96,16.76,7.8,23,0,9.38,4,0,0,0
60,Legal,2026-05-19,9.98,18.39,8.41,25,0,11.11,3,0,0,0
60,Legal,2026-05-20,9.75,17.56,7.8,28,0,16.99,3,0,0,0
60,Legal,2026-05-21,9.23,16.71,7.48,33,1,20.83,3,0,0,0
60,Legal,2026-05-22,9.12,16.58,7.46,30,1,16.67,4,0,0,0
60,Legal,2026-05-25,9.31,16.93,7.62,31,0,15.81,3,0,0,0
60,Legal,2026-05-26,8.52,18.16,9.64,36,1,14.44,4,0,0,0
60,Legal,2026-05-27,9.42,17.19,7.76,33,0,19.18,3,0,0,0
60,Legal,2026-05-28,8.86,16.15,7.3,32,2,20.61,5,0,0,0
60,Legal,2026-05-29,8.77,18.0,9.23,24,1,8.1,4,0,0,0
60,Legal,2026-06-01,8.88,17.34,8.46,29,1,17.54,4,0,0,0
60,Legal,2026-06-02,9.37,17.67,8.3,29,0,15.85,4,0,0,0
60,Legal,2026-06-03,9.58,16.38,6.79,26,0,19.06,4,0,0,0
60,Legal,2026-06-04,9.51,17.36,7.85,33,0,16.84,5,0,0,0
60,Legal,2026-06-05,9.8,16.29,6.49,23,0,23.32,6,0,0,0
60,Legal,2026-06-06,3.0,5.97,2.97,312,0,16.65,4,1,1,1
60,Legal,2026-06-08,9.75,17.91,8.16,31,0,16.46,3,0,0,0
60,Legal,2026-06-09,9.26,17.84,8.58,24,0,13.22,6,0,0,0
60,Legal,2026-06-10,9.42,16.47,7.05,25,1,17.48,4,0,0,0
60,Legal,2026-06-11,8.86,17.27,8.41,30,1,18.34,6,0,0,0
60,Legal,2026-06-12,9.78,17.5,7.72,23,0,19.91,5,0,0,0
60,Legal,2026-06-14,8.91,17.38,8.47,33,0,18.13,4,0,1,0
60,Legal,2026-06-15,9.85,17.75,7.91,32,0,20.49,5,0,0,0
60,Legal,2026-06-16,8.94,17.03,8.09,32,0,12.69,2,0,0,0
60,Legal,2026-06-17,8.78,17.31,8.52,21,0,19.3,4,0,0,0
60,Legal,2026-06-18,8.84,17.22,8.38,28,0,12.98,4,0,0,0
60,Legal,2026-06-19,8.29,17.37,9.08,28,0,19.07,5,0,0,0
60,Legal,2026-06-22,9.43,17.03,7.6,32,1,23.83,3,0,0,0
60,Legal,2026-06-23,9.27,17.08,7.81,34,0,17.86,5,0,0,0
60,Legal,2026-06-24,9.29,17.63,8.34,25,0,15.91,4,0,0,0
60,Legal,2026-06-25,9.4,16.31,6.91,26,0,20.57,3,0,0,0
60,Legal,2026-06-26,8.81,18.22,9.42,19,0,14.28,4,0,0,0
60,Legal,2026-06-29,1.0,2.4,1.4,219,0,16.65,4,1,0,1
60,Legal,2026-06-30,8.93,17.77,8.84,20,0,12.29,3,0,0,0
60,Legal,2026-07-01,8.98,17.0,8.02,27,1,15.61,6,0,0,0
60,Legal,2026-07-02,9.38,15.69,6.31,28,0,24.35,3,0,0,0
60,Legal,2026-07-03,9.04,16.68,7.64,29,0,15.42,5,0,0,0
60,Legal,2026-07-05,10.03,16.69,6.66,37,0,21.45,3,0,1,0
60,Legal,2026-07-06,9.69,16.83,7.14,31,0,16.29,2,0,0,0
60,Legal,2026-07-07,8.59,17.53,8.94,26,0,14.14,6,0,0,0
60,Legal,2026-07-08,9.8,17.71,7.91,23,0,19.2,3,0,0,0
60,Legal,2026-07-09,8.15,17.19,9.04,16,1,17.05,5,0,0,0
60,Legal,2026-07-10,9.32,18.35,9.03,36,0,17.5,5,0,0,0
60,Legal,2026-07-11,8.87,18.2,9.33,32,0,22.54,2,0,1,0
60,Legal,2026-07-13,9.24,18.66,9.42,29,0,16.77,4,0,0,0
60,Legal,2026-07-14,9.23,16.65,7.42,21,0,14.73,6,0,0,0
60,Legal,2026-07-15,9.85,17.56,7.71,28,2,14.67,3,0,0,0
60,Legal,2026-07-16,9.7,17.44,7.75,27,0,10.37,2,0,0,0
60,Legal,2026-07-17,8.11,17.22,9.11,29,0,16.96,2,0,0,0
60,Legal,2026-07-19,8.2,17.96,9.76,29,1,14.95,4,0,1,0
60,Legal,2026-07-20,10.22,17.0,6.78,21,0,20.8,5,0,0,0
60,Legal,2026-07-21,9.67,18.07,8.4,24,0,19.7,4,0,0,0
60,Legal,2026-07-22,8.6,17.9,9.29,32,0,11.93,5,0,0,0
60,Legal,2026-07-23,9.72,16.24,6.52,29,0,17.56,3,0,0,0
60,Legal,2026-07-24,8.21,17.56,9.35,28,0,20.34,4,0,0,0
60,Legal,2026-07-27,8.68,17.37,8.69,29,0,14.47,4,0,0,0
